site_id,serial_num,event_type_id,event_key,stateful,event_start_timestamp,event_clear_timestamp
4490206,202307228109,14,commanded_reset,0,2023-08-01T17:47:36Z,2023-08-01T17:47:36Z
4490206,202307227203,14,commanded_reset,0,2023-08-01T17:47:34Z,2023-08-01T17:47:34Z
4490206,202307227367,14,commanded_reset,0,2023-08-01T17:47:34Z,2023-08-01T17:47:34Z
4490206,202307227204,14,commanded_reset,0,2023-08-01T17:47:29Z,2023-08-01T17:47:29Z
4490206,202307227217,14,commanded_reset,0,2023-08-01T17:47:33Z,2023-08-01T17:47:33Z
4490206,202307218285,14,commanded_reset,0,2023-08-01T17:47:40Z,2023-08-01T17:47:40Z
4490206,202307226995,26,power_on_reset,0,2023-08-01T17:41:39Z,2023-08-01T17:41:39Z
4490206,202307227217,26,power_on_reset,0,2023-08-01T17:40:44Z,2023-08-01T17:40:44Z
4490206,202307227563,26,power_on_reset,0,2023-08-01T17:42:01Z,2023-08-01T17:42:01Z
4490206,202307229173,26,power_on_reset,0,2023-08-01T17:41:07Z,2023-08-01T17:41:07Z
4490206,202307227328,14,commanded_reset,0,2023-08-01T17:47:43Z,2023-08-01T17:47:43Z
4490206,202307228713,14,commanded_reset,0,2023-08-01T17:47:42Z,2023-08-01T17:47:42Z
4490206,202307227365,26,power_on_reset,0,2023-08-01T17:42:08Z,2023-08-01T17:42:08Z
4490206,202307229305,26,power_on_reset,0,2023-08-01T17:40:40Z,2023-08-01T17:40:40Z
4490206,202307226911,19,device_added,0,2023-08-01T17:30:57Z,2023-08-01T17:30:57Z
4490206,202307228713,26,power_on_reset,0,2023-08-01T17:41:54Z,2023-08-01T17:41:54Z
4490206,202307229188,19,device_added,0,2023-08-01T17:31:29Z,2023-08-01T17:31:29Z
4490206,202307227328,19,device_added,0,2023-08-01T17:31:39Z,2023-08-01T17:31:39Z
4490206,202307227563,19,device_added,0,2023-08-01T17:31:43Z,2023-08-01T17:31:43Z
4490206,202307227349,19,device_added,0,2023-08-01T17:30:11Z,2023-08-01T17:30:11Z
4490206,202307227365,14,commanded_reset,0,2023-08-01T17:47:46Z,2023-08-01T17:47:46Z
4490206,202307229413,14,commanded_reset,0,2023-08-01T17:47:47Z,2023-08-01T17:47:47Z
4490206,202307227365,19,device_added,0,2023-08-01T17:31:51Z,2023-08-01T17:31:51Z
4490206,202307228707,19,device_added,0,2023-08-01T17:30:14Z,2023-08-01T17:30:14Z
4490206,202307226995,19,device_added,0,2023-08-01T17:31:15Z,2023-08-01T17:31:15Z
4490206,202307227204,19,device_added,0,2023-08-01T17:30:18Z,2023-08-01T17:30:18Z
4490206,202307229413,19,device_added,0,2023-08-01T17:31:58Z,2023-08-01T17:31:58Z
4490206,202307228109,19,device_added,0,2023-08-01T17:31:04Z,2023-08-01T17:31:04Z
4490206,202307229140,14,commanded_reset,0,2023-08-01T17:47:31Z,2023-08-01T17:47:31Z
4490206,202307227980,26,power_on_reset,0,2023-08-01T17:42:04Z,2023-08-01T17:42:04Z
4490206,202307227328,26,power_on_reset,0,2023-08-01T17:41:57Z,2023-08-01T17:41:57Z
4490206,202307228109,26,power_on_reset,0,2023-08-01T17:40:58Z,2023-08-01T17:40:58Z
4490206,202307226999,26,power_on_reset,0,2023-08-01T17:41:01Z,2023-08-01T17:41:01Z
4490206,202307227349,14,commanded_reset,0,2023-08-01T17:42:40Z,2023-08-01T17:42:40Z
4490206,202307229305,19,device_added,0,2023-08-01T17:30:36Z,2023-08-01T17:30:36Z
4490206,202307227217,19,device_added,0,2023-08-01T17:30:40Z,2023-08-01T17:30:40Z
4490206,202307229140,19,device_added,0,2023-08-01T17:30:28Z,2023-08-01T17:30:28Z
4490206,202307228707,26,power_on_reset,0,2023-08-01T17:40:26Z,2023-08-01T17:40:26Z
4490206,202307229188,26,power_on_reset,0,2023-08-01T17:41:50Z,2023-08-01T17:41:50Z
4490206,202307227980,19,device_added,0,2023-08-01T17:31:47Z,2023-08-01T17:31:47Z
4490206,202307229305,14,commanded_reset,0,2023-08-01T17:47:32Z,2023-08-01T17:47:32Z
4490206,202307226995,14,commanded_reset,0,2023-08-01T17:47:38Z,2023-08-01T17:47:38Z
4490206,202307227563,14,commanded_reset,0,2023-08-01T17:47:44Z,2023-08-01T17:47:44Z
4490206,202307227204,26,power_on_reset,0,2023-08-01T17:40:30Z,2023-08-01T17:40:30Z
4490206,202307230467,19,device_added,0,2023-08-01T17:30:22Z,2023-08-01T17:30:22Z
4490206,202307227203,26,power_on_reset,0,2023-08-01T17:40:51Z,2023-08-01T17:40:51Z
4490206,202307226999,19,device_added,0,2023-08-01T17:31:08Z,2023-08-01T17:31:08Z
4490206,202307227367,19,device_added,0,2023-08-01T17:30:46Z,2023-08-01T17:30:46Z
4490206,202307230467,14,commanded_reset,0,2023-08-01T17:47:30Z,2023-08-01T17:47:30Z
4490206,202307226999,14,commanded_reset,0,2023-08-01T17:47:37Z,2023-08-01T17:47:37Z
4490206,202307228713,19,device_added,0,2023-08-01T17:31:32Z,2023-08-01T17:31:32Z
4490206,202307227203,19,device_added,0,2023-08-01T17:30:54Z,2023-08-01T17:30:54Z
4490206,202307227980,14,commanded_reset,0,2023-08-01T17:47:45Z,2023-08-01T17:47:45Z
4490206,202307226911,14,commanded_reset,0,2023-08-01T17:47:35Z,2023-08-01T17:47:35Z
4490206,202307228707,14,commanded_reset,0,2023-08-01T17:47:28Z,2023-08-01T17:47:28Z
4490206,202307229188,14,commanded_reset,0,2023-08-01T17:47:41Z,2023-08-01T17:47:41Z
4490206,202307229173,14,commanded_reset,0,2023-08-01T17:47:39Z,2023-08-01T17:47:39Z
4490206,202307226911,26,power_on_reset,0,2023-08-01T17:40:54Z,2023-08-01T17:40:54Z
4490206,202307229413,26,power_on_reset,0,2023-08-01T17:42:11Z,2023-08-01T17:42:11Z
4490206,202307229173,19,device_added,0,2023-08-01T17:31:21Z,2023-08-01T17:31:21Z
4490206,202307229140,26,power_on_reset,0,2023-08-01T17:40:37Z,2023-08-01T17:40:37Z
4490206,202307218285,26,power_on_reset,0,2023-08-01T17:41:45Z,2023-08-01T17:41:45Z
4490206,202307227367,26,power_on_reset,0,2023-08-01T17:40:47Z,2023-08-01T17:40:47Z
4490206,202307218285,19,device_added,0,2023-08-01T17:31:25Z,2023-08-01T17:31:25Z
4490206,202307227349,26,power_on_reset,0,2023-08-01T17:40:22Z,2023-08-01T17:40:22Z
4490206,202307230467,26,power_on_reset,0,2023-08-01T17:40:33Z,2023-08-01T17:40:33Z
4490206,202307218285,2,ac_voltage_out_of_range,1,2023-08-01T17:41:45Z,2023-08-01T17:42:18Z
4490206,202307218285,2,ac_voltage_out_of_range,1,2023-08-01T18:18:35Z,2023-08-01T18:18:49Z
4490206,202307218285,3,ac_freq_out_of_range,1,2023-08-01T17:41:45Z,2023-08-01T17:42:18Z
4490206,202307218285,3,ac_freq_out_of_range,1,2023-08-01T18:18:49Z,2023-08-01T18:18:49Z
4490206,202307218285,15,module_gone,1,2023-08-01T18:49:49Z,NA
4490206,202307218285,678,island_detected,1,2023-08-01T17:41:45Z,2023-08-01T17:42:18Z
4490206,202307218285,678,island_detected,1,2023-08-01T18:18:35Z,2023-08-01T18:18:49Z
4490206,202307218285,1027,pcu_chan_loss_of_phase_12,1,2023-08-01T17:41:45Z,2023-08-01T17:42:18Z
4490206,202307218285,1027,pcu_chan_loss_of_phase_12,1,2023-08-01T18:18:35Z,2023-08-01T18:18:49Z
4490206,202307226911,2,ac_voltage_out_of_range,1,2023-08-01T17:42:50Z,2023-08-01T17:43:02Z
4490206,202307226911,2,ac_voltage_out_of_range,1,2023-08-01T18:18:30Z,2023-08-01T18:18:44Z
4490206,202307226911,2,ac_voltage_out_of_range,1,2023-08-26T13:30:20Z,2023-08-26T13:30:36Z
4490206,202307226911,2,ac_voltage_out_of_range,1,2023-08-31T13:52:06Z,2023-08-31T13:52:25Z
4490206,202307226911,3,ac_freq_out_of_range,1,2023-08-01T17:42:50Z,2023-08-01T17:43:02Z
4490206,202307226911,3,ac_freq_out_of_range,1,2023-08-01T18:18:44Z,2023-08-01T18:18:44Z
4490206,202307226911,3,ac_freq_out_of_range,1,2023-08-08T15:03:08Z,2023-08-08T15:03:25Z
4490206,202307226911,3,ac_freq_out_of_range,1,2023-08-09T09:38:11Z,2023-08-09T09:38:30Z
4490206,202307226911,3,ac_freq_out_of_range,1,2023-08-09T16:22:05Z,2023-08-09T16:22:23Z
4490206,202307226911,3,ac_freq_out_of_range,1,2023-08-09T16:37:35Z,2023-08-09T16:37:52Z
4490206,202307226911,3,ac_freq_out_of_range,1,2023-08-10T13:06:05Z,2023-08-10T13:06:22Z
4490206,202307226911,3,ac_freq_out_of_range,1,2023-08-16T13:34:29Z,2023-08-16T13:34:44Z
4490206,202307226911,3,ac_freq_out_of_range,1,2023-08-17T13:05:04Z,2023-08-17T13:05:17Z
4490206,202307226911,3,ac_freq_out_of_range,1,2023-08-21T11:17:45Z,2023-08-21T11:18:01Z
4490206,202307226911,3,ac_freq_out_of_range,1,2023-08-23T10:14:45Z,2023-08-23T10:15:02Z
4490206,202307226911,3,ac_freq_out_of_range,1,2023-08-23T12:19:10Z,2023-08-23T12:19:28Z
4490206,202307226911,3,ac_freq_out_of_range,1,2023-08-25T09:20:21Z,2023-08-25T09:20:43Z
4490206,202307226911,3,ac_freq_out_of_range,1,2023-08-26T13:30:20Z,2023-08-26T13:30:36Z
4490206,202307226911,3,ac_freq_out_of_range,1,2023-08-26T13:45:57Z,2023-08-26T13:46:14Z
4490206,202307226911,3,ac_freq_out_of_range,1,2023-08-29T12:48:34Z,2023-08-29T12:48:51Z
4490206,202307226911,3,ac_freq_out_of_range,1,2023-08-31T13:52:06Z,2023-08-31T13:52:25Z
4490206,202307226911,15,module_gone,1,2023-08-01T18:49:45Z,2023-08-02T05:56:29Z
4490206,202307226911,15,module_gone,1,2023-08-02T16:56:05Z,2023-08-02T16:56:26Z
4490206,202307226911,136,ac_frequency_high,1,2023-08-09T16:37:35Z,2023-08-09T16:37:52Z
4490206,202307226911,678,island_detected,1,2023-08-01T17:42:50Z,2023-08-01T17:43:02Z
4490206,202307226911,678,island_detected,1,2023-08-01T18:18:30Z,2023-08-01T18:18:44Z
4490206,202307226911,678,island_detected,1,2023-08-03T12:57:36Z,2023-08-03T12:58:10Z
4490206,202307226911,678,island_detected,1,2023-08-08T15:03:08Z,2023-08-08T15:03:25Z
4490206,202307226911,678,island_detected,1,2023-08-09T09:06:52Z,2023-08-09T09:07:19Z
4490206,202307226911,678,island_detected,1,2023-08-09T09:38:11Z,2023-08-09T09:38:31Z
4490206,202307226911,678,island_detected,1,2023-08-09T16:22:05Z,2023-08-09T16:22:23Z
4490206,202307226911,678,island_detected,1,2023-08-09T16:37:35Z,2023-08-09T16:37:52Z
4490206,202307226911,678,island_detected,1,2023-08-10T13:06:06Z,2023-08-10T13:06:22Z
4490206,202307226911,678,island_detected,1,2023-08-16T13:34:29Z,2023-08-16T13:34:44Z
4490206,202307226911,678,island_detected,1,2023-08-17T07:38:24Z,2023-08-17T07:38:52Z
4490206,202307226911,678,island_detected,1,2023-08-17T13:05:04Z,2023-08-17T13:05:17Z
4490206,202307226911,678,island_detected,1,2023-08-20T11:16:03Z,2023-08-20T11:16:32Z
4490206,202307226911,678,island_detected,1,2023-08-20T13:36:22Z,2023-08-20T13:36:51Z
4490206,202307226911,678,island_detected,1,2023-08-20T16:42:45Z,2023-08-20T16:43:05Z
4490206,202307226911,678,island_detected,1,2023-08-21T11:17:45Z,2023-08-21T11:18:01Z
4490206,202307226911,678,island_detected,1,2023-08-23T10:14:45Z,2023-08-23T10:15:02Z
4490206,202307226911,678,island_detected,1,2023-08-23T12:19:10Z,2023-08-23T12:19:28Z
4490206,202307226911,678,island_detected,1,2023-08-25T09:20:21Z,2023-08-25T09:20:43Z
4490206,202307226911,678,island_detected,1,2023-08-25T09:51:56Z,2023-08-25T09:52:25Z
4490206,202307226911,678,island_detected,1,2023-08-26T13:30:20Z,2023-08-26T13:30:36Z
4490206,202307226911,678,island_detected,1,2023-08-26T13:45:57Z,2023-08-26T13:46:14Z
4490206,202307226911,678,island_detected,1,2023-08-29T12:48:34Z,2023-08-29T12:48:51Z
4490206,202307226911,678,island_detected,1,2023-08-30T18:32:50Z,2023-08-30T18:33:19Z
4490206,202307226911,678,island_detected,1,2023-08-31T13:52:06Z,2023-08-31T13:52:25Z
4490206,202307226911,1027,pcu_chan_loss_of_phase_12,1,2023-08-01T17:42:50Z,2023-08-01T17:43:02Z
4490206,202307226911,1027,pcu_chan_loss_of_phase_12,1,2023-08-01T18:18:30Z,2023-08-01T18:18:44Z
4490206,202307226911,1027,pcu_chan_loss_of_phase_12,1,2023-08-26T13:30:20Z,2023-08-26T13:30:36Z
4490206,202307226995,2,ac_voltage_out_of_range,1,2023-08-01T17:41:39Z,2023-08-01T17:42:16Z
4490206,202307226995,2,ac_voltage_out_of_range,1,2023-08-01T18:18:33Z,2023-08-01T18:18:46Z
4490206,202307226995,2,ac_voltage_out_of_range,1,2023-08-26T13:29:46Z,2023-08-26T13:30:03Z
4490206,202307226995,2,ac_voltage_out_of_range,1,2023-08-31T13:52:27Z,2023-08-31T13:52:49Z
4490206,202307226995,3,ac_freq_out_of_range,1,2023-08-01T17:41:39Z,2023-08-01T17:42:16Z
4490206,202307226995,3,ac_freq_out_of_range,1,2023-08-01T18:18:46Z,2023-08-01T18:18:46Z
4490206,202307226995,3,ac_freq_out_of_range,1,2023-08-08T15:02:34Z,2023-08-08T15:02:52Z
4490206,202307226995,3,ac_freq_out_of_range,1,2023-08-09T09:37:57Z,2023-08-09T09:38:13Z
4490206,202307226995,3,ac_freq_out_of_range,1,2023-08-09T16:22:07Z,2023-08-09T16:22:26Z
4490206,202307226995,3,ac_freq_out_of_range,1,2023-08-09T16:37:54Z,2023-08-09T16:38:13Z
4490206,202307226995,3,ac_freq_out_of_range,1,2023-08-10T13:06:26Z,2023-08-10T13:06:48Z
4490206,202307226995,3,ac_freq_out_of_range,1,2023-08-16T13:34:59Z,2023-08-16T13:35:17Z
4490206,202307226995,3,ac_freq_out_of_range,1,2023-08-17T13:04:10Z,2023-08-17T13:04:27Z
4490206,202307226995,3,ac_freq_out_of_range,1,2023-08-21T11:17:48Z,2023-08-21T11:18:04Z
4490206,202307226995,3,ac_freq_out_of_range,1,2023-08-23T12:19:13Z,2023-08-23T12:19:31Z
4490206,202307226995,3,ac_freq_out_of_range,1,2023-08-26T13:29:46Z,2023-08-26T13:30:03Z
4490206,202307226995,3,ac_freq_out_of_range,1,2023-08-26T13:45:22Z,2023-08-26T13:45:41Z
4490206,202307226995,3,ac_freq_out_of_range,1,2023-08-29T12:48:04Z,2023-08-29T12:48:21Z
4490206,202307226995,3,ac_freq_out_of_range,1,2023-08-31T13:52:27Z,2023-08-31T13:52:49Z
4490206,202307226995,15,module_gone,1,2023-08-01T19:02:19Z,2023-08-02T05:56:16Z
4490206,202307226995,15,module_gone,1,2023-08-02T16:56:05Z,2023-08-02T16:56:29Z
4490206,202307226995,136,ac_frequency_high,1,2023-08-09T16:37:54Z,2023-08-09T16:38:13Z
4490206,202307226995,678,island_detected,1,2023-08-01T17:41:39Z,2023-08-01T17:42:16Z
4490206,202307226995,678,island_detected,1,2023-08-01T18:18:33Z,2023-08-01T18:18:46Z
4490206,202307226995,678,island_detected,1,2023-08-03T12:57:39Z,2023-08-03T12:58:13Z
4490206,202307226995,678,island_detected,1,2023-08-08T15:02:34Z,2023-08-08T15:02:52Z
4490206,202307226995,678,island_detected,1,2023-08-09T09:06:21Z,2023-08-09T09:06:54Z
4490206,202307226995,678,island_detected,1,2023-08-09T09:37:57Z,2023-08-09T09:38:13Z
4490206,202307226995,678,island_detected,1,2023-08-09T16:22:07Z,2023-08-09T16:22:26Z
4490206,202307226995,678,island_detected,1,2023-08-09T16:37:54Z,2023-08-09T16:38:13Z
4490206,202307226995,678,island_detected,1,2023-08-10T13:06:26Z,2023-08-10T13:06:48Z
4490206,202307226995,678,island_detected,1,2023-08-16T13:34:59Z,2023-08-16T13:35:17Z
4490206,202307226995,678,island_detected,1,2023-08-17T07:37:26Z,2023-08-17T07:37:58Z
4490206,202307226995,678,island_detected,1,2023-08-17T13:04:10Z,2023-08-17T13:04:27Z
4490206,202307226995,678,island_detected,1,2023-08-20T11:16:06Z,2023-08-20T11:16:35Z
4490206,202307226995,678,island_detected,1,2023-08-20T13:36:25Z,2023-08-20T13:36:53Z
4490206,202307226995,678,island_detected,1,2023-08-20T16:42:48Z,2023-08-20T16:43:07Z
4490206,202307226995,678,island_detected,1,2023-08-21T11:17:48Z,2023-08-21T11:18:04Z
4490206,202307226995,678,island_detected,1,2023-08-23T12:19:14Z,2023-08-23T12:19:31Z
4490206,202307226995,678,island_detected,1,2023-08-25T09:20:23Z,2023-08-25T09:20:47Z
4490206,202307226995,678,island_detected,1,2023-08-25T09:51:59Z,2023-08-25T09:52:28Z
4490206,202307226995,678,island_detected,1,2023-08-26T13:29:46Z,2023-08-26T13:30:03Z
4490206,202307226995,678,island_detected,1,2023-08-26T13:45:22Z,2023-08-26T13:45:41Z
4490206,202307226995,678,island_detected,1,2023-08-29T12:48:04Z,2023-08-29T12:48:21Z
4490206,202307226995,678,island_detected,1,2023-08-30T18:32:53Z,2023-08-30T18:33:22Z
4490206,202307226995,678,island_detected,1,2023-08-31T13:52:27Z,2023-08-31T13:52:49Z
4490206,202307226995,1027,pcu_chan_loss_of_phase_12,1,2023-08-01T17:41:39Z,2023-08-01T17:42:16Z
4490206,202307226995,1027,pcu_chan_loss_of_phase_12,1,2023-08-01T18:18:33Z,2023-08-01T18:18:46Z
4490206,202307226995,1027,pcu_chan_loss_of_phase_12,1,2023-08-26T13:29:46Z,2023-08-26T13:30:03Z
4490206,202307226999,2,ac_voltage_out_of_range,1,2023-08-01T17:42:54Z,2023-08-01T17:43:05Z
4490206,202307226999,2,ac_voltage_out_of_range,1,2023-08-01T18:18:32Z,2023-08-01T18:18:46Z
4490206,202307226999,2,ac_voltage_out_of_range,1,2023-08-26T13:29:31Z,2023-08-26T13:29:45Z
4490206,202307226999,2,ac_voltage_out_of_range,1,2023-08-31T13:51:13Z,2023-08-31T13:51:26Z
4490206,202307226999,3,ac_freq_out_of_range,1,2023-08-01T17:42:54Z,2023-08-01T17:43:05Z
4490206,202307226999,3,ac_freq_out_of_range,1,2023-08-01T18:18:46Z,2023-08-01T18:18:46Z
4490206,202307226999,3,ac_freq_out_of_range,1,2023-08-09T09:38:51Z,2023-08-09T09:39:04Z
4490206,202307226999,3,ac_freq_out_of_range,1,2023-08-09T16:22:43Z,2023-08-09T16:22:58Z
4490206,202307226999,3,ac_freq_out_of_range,1,2023-08-09T16:38:12Z,2023-08-09T16:38:32Z
4490206,202307226999,3,ac_freq_out_of_range,1,2023-08-10T13:06:25Z,2023-08-10T13:06:47Z
4490206,202307226999,3,ac_freq_out_of_range,1,2023-08-16T13:35:35Z,2023-08-16T13:35:53Z
4490206,202307226999,3,ac_freq_out_of_range,1,2023-08-17T13:04:09Z,2023-08-17T13:04:26Z
4490206,202307226999,3,ac_freq_out_of_range,1,2023-08-21T11:17:47Z,2023-08-21T11:18:03Z
4490206,202307226999,3,ac_freq_out_of_range,1,2023-08-23T10:15:04Z,2023-08-23T10:15:18Z
4490206,202307226999,3,ac_freq_out_of_range,1,2023-08-23T12:19:12Z,2023-08-23T12:19:30Z
4490206,202307226999,3,ac_freq_out_of_range,1,2023-08-26T13:29:31Z,2023-08-26T13:29:45Z
4490206,202307226999,3,ac_freq_out_of_range,1,2023-08-26T13:45:22Z,2023-08-26T13:45:40Z
4490206,202307226999,3,ac_freq_out_of_range,1,2023-08-29T12:48:03Z,2023-08-29T12:48:19Z
4490206,202307226999,6,skipped_cycles,1,2023-08-15T18:51:13Z,2023-08-15T18:51:32Z
4490206,202307226999,15,module_gone,1,2023-08-01T18:49:47Z,2023-08-02T05:56:14Z
4490206,202307226999,15,module_gone,1,2023-08-02T16:56:05Z,2023-08-02T16:56:28Z
4490206,202307226999,136,ac_frequency_high,1,2023-08-09T16:38:12Z,2023-08-09T16:38:32Z
4490206,202307226999,678,island_detected,1,2023-08-01T17:42:54Z,2023-08-01T17:43:05Z
4490206,202307226999,678,island_detected,1,2023-08-01T18:18:32Z,2023-08-01T18:18:46Z
4490206,202307226999,678,island_detected,1,2023-08-03T12:58:12Z,2023-08-03T12:58:42Z
4490206,202307226999,678,island_detected,1,2023-08-09T09:07:22Z,2023-08-09T09:07:51Z
4490206,202307226999,678,island_detected,1,2023-08-09T09:38:51Z,2023-08-09T09:39:04Z
4490206,202307226999,678,island_detected,1,2023-08-09T16:22:43Z,2023-08-09T16:22:58Z
4490206,202307226999,678,island_detected,1,2023-08-09T16:38:12Z,2023-08-09T16:38:32Z
4490206,202307226999,678,island_detected,1,2023-08-10T13:06:25Z,2023-08-10T13:06:47Z
4490206,202307226999,678,island_detected,1,2023-08-16T13:35:35Z,2023-08-16T13:35:53Z
4490206,202307226999,678,island_detected,1,2023-08-17T07:37:24Z,2023-08-17T07:37:57Z
4490206,202307226999,678,island_detected,1,2023-08-17T13:04:09Z,2023-08-17T13:04:26Z
4490206,202307226999,678,island_detected,1,2023-08-20T11:15:35Z,2023-08-20T11:16:06Z
4490206,202307226999,678,island_detected,1,2023-08-20T13:35:53Z,2023-08-20T13:36:24Z
4490206,202307226999,678,island_detected,1,2023-08-20T16:42:30Z,2023-08-20T16:42:47Z
4490206,202307226999,678,island_detected,1,2023-08-21T11:17:47Z,2023-08-21T11:18:03Z
4490206,202307226999,678,island_detected,1,2023-08-23T10:15:04Z,2023-08-23T10:15:18Z
4490206,202307226999,678,island_detected,1,2023-08-23T12:19:12Z,2023-08-23T12:19:30Z
4490206,202307226999,678,island_detected,1,2023-08-25T09:20:46Z,2023-08-25T09:21:09Z
4490206,202307226999,678,island_detected,1,2023-08-25T09:51:58Z,2023-08-25T09:52:27Z
4490206,202307226999,678,island_detected,1,2023-08-26T13:29:31Z,2023-08-26T13:29:45Z
4490206,202307226999,678,island_detected,1,2023-08-26T13:45:22Z,2023-08-26T13:45:40Z
4490206,202307226999,678,island_detected,1,2023-08-29T12:48:03Z,2023-08-29T12:48:19Z
4490206,202307226999,678,island_detected,1,2023-08-30T18:32:52Z,2023-08-30T18:33:21Z
4490206,202307226999,678,island_detected,1,2023-08-31T13:51:13Z,2023-08-31T13:51:26Z
4490206,202307226999,1027,pcu_chan_loss_of_phase_12,1,2023-08-01T17:42:54Z,2023-08-01T17:43:05Z
4490206,202307226999,1027,pcu_chan_loss_of_phase_12,1,2023-08-01T18:18:32Z,2023-08-01T18:18:46Z
4490206,202307226999,1027,pcu_chan_loss_of_phase_12,1,2023-08-26T13:29:31Z,2023-08-26T13:29:45Z
4490206,202307227203,2,ac_voltage_out_of_range,1,2023-08-01T17:42:48Z,2023-08-01T17:43:01Z
4490206,202307227203,2,ac_voltage_out_of_range,1,2023-08-01T18:18:29Z,2023-08-01T18:18:43Z
4490206,202307227203,2,ac_voltage_out_of_range,1,2023-08-26T13:29:43Z,2023-08-26T13:30:00Z
4490206,202307227203,2,ac_voltage_out_of_range,1,2023-08-31T13:51:24Z,2023-08-31T13:51:37Z
4490206,202307227203,3,ac_freq_out_of_range,1,2023-08-01T17:40:51Z,2023-08-01T17:43:01Z
4490206,202307227203,3,ac_freq_out_of_range,1,2023-08-01T18:18:43Z,2023-08-01T18:18:43Z
4490206,202307227203,3,ac_freq_out_of_range,1,2023-08-08T15:02:32Z,2023-08-08T15:02:50Z
4490206,202307227203,3,ac_freq_out_of_range,1,2023-08-09T16:21:49Z,2023-08-09T16:22:04Z
4490206,202307227203,3,ac_freq_out_of_range,1,2023-08-09T16:37:19Z,2023-08-09T16:37:34Z
4490206,202307227203,3,ac_freq_out_of_range,1,2023-08-10T13:06:44Z,2023-08-10T13:07:06Z
4490206,202307227203,3,ac_freq_out_of_range,1,2023-08-16T13:34:28Z,2023-08-16T13:34:43Z
4490206,202307227203,3,ac_freq_out_of_range,1,2023-08-17T13:04:44Z,2023-08-17T13:05:03Z
4490206,202307227203,3,ac_freq_out_of_range,1,2023-08-20T16:42:44Z,2023-08-20T16:43:03Z
4490206,202307227203,3,ac_freq_out_of_range,1,2023-08-23T10:14:44Z,2023-08-23T10:15:01Z
4490206,202307227203,3,ac_freq_out_of_range,1,2023-08-23T12:19:09Z,2023-08-23T12:19:27Z
4490206,202307227203,3,ac_freq_out_of_range,1,2023-08-26T13:29:43Z,2023-08-26T13:30:00Z
4490206,202307227203,3,ac_freq_out_of_range,1,2023-08-26T13:45:20Z,2023-08-26T13:45:37Z
4490206,202307227203,3,ac_freq_out_of_range,1,2023-08-29T12:48:01Z,2023-08-29T12:48:17Z
4490206,202307227203,15,module_gone,1,2023-08-01T19:01:47Z,2023-08-02T05:55:52Z
4490206,202307227203,15,module_gone,1,2023-08-02T16:56:05Z,2023-08-02T16:56:26Z
4490206,202307227203,136,ac_frequency_high,1,2023-08-09T16:37:19Z,2023-08-09T16:37:34Z
4490206,202307227203,678,island_detected,1,2023-08-01T17:42:48Z,2023-08-01T17:43:01Z
4490206,202307227203,678,island_detected,1,2023-08-01T18:18:29Z,2023-08-01T18:18:43Z
4490206,202307227203,678,island_detected,1,2023-08-03T12:58:09Z,2023-08-03T12:58:40Z
4490206,202307227203,678,island_detected,1,2023-08-08T15:02:32Z,2023-08-08T15:02:50Z
4490206,202307227203,678,island_detected,1,2023-08-09T09:06:19Z,2023-08-09T09:06:51Z
4490206,202307227203,678,island_detected,1,2023-08-09T09:37:55Z,2023-08-09T09:38:10Z
4490206,202307227203,678,island_detected,1,2023-08-09T16:21:49Z,2023-08-09T16:22:04Z
4490206,202307227203,678,island_detected,1,2023-08-09T16:37:19Z,2023-08-09T16:37:34Z
4490206,202307227203,678,island_detected,1,2023-08-10T13:06:44Z,2023-08-10T13:07:06Z
4490206,202307227203,678,island_detected,1,2023-08-16T13:34:28Z,2023-08-16T13:34:43Z
4490206,202307227203,678,island_detected,1,2023-08-17T07:38:23Z,2023-08-17T07:38:51Z
4490206,202307227203,678,island_detected,1,2023-08-17T13:04:44Z,2023-08-17T13:05:03Z
4490206,202307227203,678,island_detected,1,2023-08-20T11:16:03Z,2023-08-20T11:16:31Z
4490206,202307227203,678,island_detected,1,2023-08-20T13:36:21Z,2023-08-20T13:36:50Z
4490206,202307227203,678,island_detected,1,2023-08-20T16:42:44Z,2023-08-20T16:43:03Z
4490206,202307227203,678,island_detected,1,2023-08-23T10:14:44Z,2023-08-23T10:15:01Z
4490206,202307227203,678,island_detected,1,2023-08-23T12:19:09Z,2023-08-23T12:19:27Z
4490206,202307227203,678,island_detected,1,2023-08-25T09:20:20Z,2023-08-25T09:20:43Z
4490206,202307227203,678,island_detected,1,2023-08-25T09:51:55Z,2023-08-25T09:52:24Z
4490206,202307227203,678,island_detected,1,2023-08-26T13:29:43Z,2023-08-26T13:30:00Z
4490206,202307227203,678,island_detected,1,2023-08-26T13:45:20Z,2023-08-26T13:45:37Z
4490206,202307227203,678,island_detected,1,2023-08-29T12:48:01Z,2023-08-29T12:48:17Z
4490206,202307227203,678,island_detected,1,2023-08-30T18:32:18Z,2023-08-30T18:32:49Z
4490206,202307227203,678,island_detected,1,2023-08-31T13:51:24Z,2023-08-31T13:51:37Z
4490206,202307227203,1027,pcu_chan_loss_of_phase_12,1,2023-08-01T17:42:49Z,2023-08-01T17:43:01Z
4490206,202307227203,1027,pcu_chan_loss_of_phase_12,1,2023-08-01T18:18:29Z,2023-08-01T18:18:43Z
4490206,202307227203,1027,pcu_chan_loss_of_phase_12,1,2023-08-26T13:29:43Z,2023-08-26T13:30:00Z
4490206,202307227204,2,ac_voltage_out_of_range,1,2023-08-01T17:40:30Z,2023-08-01T17:42:42Z
4490206,202307227204,2,ac_voltage_out_of_range,1,2023-08-01T18:18:13Z,2023-08-01T18:18:24Z
4490206,202307227204,2,ac_voltage_out_of_range,1,2023-08-26T13:30:15Z,2023-08-26T13:30:32Z
4490206,202307227204,2,ac_voltage_out_of_range,1,2023-08-31T13:52:20Z,2023-08-31T13:52:44Z
4490206,202307227204,3,ac_freq_out_of_range,1,2023-08-01T17:40:30Z,2023-08-01T17:42:42Z
4490206,202307227204,3,ac_freq_out_of_range,1,2023-08-01T18:18:24Z,2023-08-01T18:18:24Z
4490206,202307227204,3,ac_freq_out_of_range,1,2023-08-08T15:02:15Z,2023-08-08T15:02:27Z
4490206,202307227204,3,ac_freq_out_of_range,1,2023-08-09T16:21:44Z,2023-08-09T16:21:59Z
4490206,202307227204,3,ac_freq_out_of_range,1,2023-08-09T16:37:14Z,2023-08-09T16:37:29Z
4490206,202307227204,3,ac_freq_out_of_range,1,2023-08-10T13:06:01Z,2023-08-10T13:06:17Z
4490206,202307227204,3,ac_freq_out_of_range,1,2023-08-16T13:34:23Z,2023-08-16T13:34:39Z
4490206,202307227204,3,ac_freq_out_of_range,1,2023-08-17T13:04:04Z,2023-08-17T13:04:19Z
4490206,202307227204,3,ac_freq_out_of_range,1,2023-08-23T12:18:15Z,2023-08-23T12:18:28Z
4490206,202307227204,3,ac_freq_out_of_range,1,2023-08-26T13:30:15Z,2023-08-26T13:30:32Z
4490206,202307227204,3,ac_freq_out_of_range,1,2023-08-26T13:45:53Z,2023-08-26T13:46:10Z
4490206,202307227204,3,ac_freq_out_of_range,1,2023-08-29T12:48:30Z,2023-08-29T12:48:47Z
4490206,202307227204,15,module_gone,1,2023-08-01T19:01:15Z,2023-08-02T05:55:48Z
4490206,202307227204,15,module_gone,1,2023-08-02T16:56:05Z,2023-08-02T16:56:18Z
4490206,202307227204,136,ac_frequency_high,1,2023-08-09T16:37:14Z,2023-08-09T16:37:29Z
4490206,202307227204,678,island_detected,1,2023-08-01T17:40:30Z,2023-08-01T17:42:42Z
4490206,202307227204,678,island_detected,1,2023-08-01T18:18:13Z,2023-08-01T18:18:24Z
4490206,202307227204,678,island_detected,1,2023-08-03T12:58:04Z,2023-08-03T12:58:35Z
4490206,202307227204,678,island_detected,1,2023-08-08T15:02:15Z,2023-08-08T15:02:27Z
4490206,202307227204,678,island_detected,1,2023-08-09T09:06:15Z,2023-08-09T09:06:45Z
4490206,202307227204,678,island_detected,1,2023-08-09T09:37:50Z,2023-08-09T09:38:05Z
4490206,202307227204,678,island_detected,1,2023-08-09T16:21:44Z,2023-08-09T16:21:59Z
4490206,202307227204,678,island_detected,1,2023-08-09T16:37:14Z,2023-08-09T16:37:29Z
4490206,202307227204,678,island_detected,1,2023-08-10T13:06:01Z,2023-08-10T13:06:17Z
4490206,202307227204,678,island_detected,1,2023-08-16T13:34:23Z,2023-08-16T13:34:39Z
4490206,202307227204,678,island_detected,1,2023-08-17T07:37:19Z,2023-08-17T07:37:50Z
4490206,202307227204,678,island_detected,1,2023-08-17T13:04:04Z,2023-08-17T13:04:19Z
4490206,202307227204,678,island_detected,1,2023-08-20T11:16:28Z,2023-08-20T11:16:58Z
4490206,202307227204,678,island_detected,1,2023-08-20T13:36:47Z,2023-08-20T13:37:17Z
4490206,202307227204,678,island_detected,1,2023-08-21T11:17:57Z,2023-08-21T11:18:17Z
4490206,202307227204,678,island_detected,1,2023-08-23T12:18:15Z,2023-08-23T12:18:28Z
4490206,202307227204,678,island_detected,1,2023-08-25T09:20:36Z,2023-08-25T09:21:02Z
4490206,202307227204,678,island_detected,1,2023-08-25T09:51:49Z,2023-08-25T09:52:19Z
4490206,202307227204,678,island_detected,1,2023-08-26T13:30:15Z,2023-08-26T13:30:32Z
4490206,202307227204,678,island_detected,1,2023-08-26T13:45:53Z,2023-08-26T13:46:10Z
4490206,202307227204,678,island_detected,1,2023-08-29T12:48:30Z,2023-08-29T12:48:47Z
4490206,202307227204,678,island_detected,1,2023-08-30T18:32:14Z,2023-08-30T18:32:44Z
4490206,202307227204,678,island_detected,1,2023-08-31T13:52:20Z,2023-08-31T13:52:44Z
4490206,202307227204,1027,pcu_chan_loss_of_phase_12,1,2023-08-01T17:40:30Z,2023-08-01T17:42:42Z
4490206,202307227204,1027,pcu_chan_loss_of_phase_12,1,2023-08-01T18:18:13Z,2023-08-01T18:18:24Z
4490206,202307227204,1027,pcu_chan_loss_of_phase_12,1,2023-08-26T13:30:15Z,2023-08-26T13:30:32Z
4490206,202307227217,2,ac_voltage_out_of_range,1,2023-08-01T17:40:44Z,2023-08-01T17:42:58Z
4490206,202307227217,2,ac_voltage_out_of_range,1,2023-08-01T18:18:27Z,2023-08-01T18:18:41Z
4490206,202307227217,2,ac_voltage_out_of_range,1,2023-08-26T13:29:42Z,2023-08-26T13:29:59Z
4490206,202307227217,2,ac_voltage_out_of_range,1,2023-08-31T13:51:50Z,2023-08-31T13:52:04Z
4490206,202307227217,3,ac_freq_out_of_range,1,2023-08-01T17:40:44Z,2023-08-01T17:42:58Z
4490206,202307227217,3,ac_freq_out_of_range,1,2023-08-01T18:18:41Z,2023-08-01T18:18:41Z
4490206,202307227217,3,ac_freq_out_of_range,1,2023-08-08T15:02:31Z,2023-08-08T15:02:49Z
4490206,202307227217,3,ac_freq_out_of_range,1,2023-08-09T09:37:54Z,2023-08-09T09:38:09Z
4490206,202307227217,3,ac_freq_out_of_range,1,2023-08-09T16:21:48Z,2023-08-09T16:22:02Z
4490206,202307227217,3,ac_freq_out_of_range,1,2023-08-09T16:37:18Z,2023-08-09T16:37:32Z
4490206,202307227217,3,ac_freq_out_of_range,1,2023-08-10T13:06:43Z,2023-08-10T13:07:05Z
4490206,202307227217,3,ac_freq_out_of_range,1,2023-08-16T13:35:33Z,2023-08-16T13:35:50Z
4490206,202307227217,3,ac_freq_out_of_range,1,2023-08-17T13:04:07Z,2023-08-17T13:04:23Z
4490206,202307227217,3,ac_freq_out_of_range,1,2023-08-23T10:14:25Z,2023-08-23T10:14:42Z
4490206,202307227217,3,ac_freq_out_of_range,1,2023-08-23T12:18:32Z,2023-08-23T12:18:49Z
4490206,202307227217,3,ac_freq_out_of_range,1,2023-08-26T13:29:42Z,2023-08-26T13:29:59Z
4490206,202307227217,3,ac_freq_out_of_range,1,2023-08-26T13:45:18Z,2023-08-26T13:45:35Z
4490206,202307227217,3,ac_freq_out_of_range,1,2023-08-29T12:48:33Z,2023-08-29T12:48:50Z
4490206,202307227217,3,ac_freq_out_of_range,1,2023-08-31T13:51:50Z,2023-08-31T13:52:04Z
4490206,202307227217,15,module_gone,1,2023-08-01T19:01:45Z,2023-08-02T05:56:10Z
4490206,202307227217,15,module_gone,1,2023-08-02T16:56:05Z,2023-08-02T16:56:24Z
4490206,202307227217,136,ac_frequency_high,1,2023-08-09T16:37:18Z,2023-08-09T16:37:32Z
4490206,202307227217,678,island_detected,1,2023-08-01T17:40:44Z,2023-08-01T17:42:58Z
4490206,202307227217,678,island_detected,1,2023-08-01T18:18:27Z,2023-08-01T18:18:41Z
4490206,202307227217,678,island_detected,1,2023-08-03T12:58:07Z,2023-08-03T12:58:38Z
4490206,202307227217,678,island_detected,1,2023-08-08T15:02:32Z,2023-08-08T15:02:49Z
4490206,202307227217,678,island_detected,1,2023-08-09T09:06:18Z,2023-08-09T09:06:49Z
4490206,202307227217,678,island_detected,1,2023-08-09T09:37:54Z,2023-08-09T09:38:09Z
4490206,202307227217,678,island_detected,1,2023-08-09T16:21:48Z,2023-08-09T16:22:02Z
4490206,202307227217,678,island_detected,1,2023-08-09T16:37:18Z,2023-08-09T16:37:32Z
4490206,202307227217,678,island_detected,1,2023-08-10T13:06:43Z,2023-08-10T13:07:05Z
4490206,202307227217,678,island_detected,1,2023-08-16T13:35:33Z,2023-08-16T13:35:50Z
4490206,202307227217,678,island_detected,1,2023-08-17T07:37:22Z,2023-08-17T07:37:54Z
4490206,202307227217,678,island_detected,1,2023-08-17T13:04:07Z,2023-08-17T13:04:23Z
4490206,202307227217,678,island_detected,1,2023-08-20T11:15:32Z,2023-08-20T11:16:01Z
4490206,202307227217,678,island_detected,1,2023-08-20T13:35:50Z,2023-08-20T13:36:19Z
4490206,202307227217,678,island_detected,1,2023-08-20T16:42:28Z,2023-08-20T16:42:42Z
4490206,202307227217,678,island_detected,1,2023-08-23T10:14:25Z,2023-08-23T10:14:42Z
4490206,202307227217,678,island_detected,1,2023-08-23T12:18:32Z,2023-08-23T12:18:49Z
4490206,202307227217,678,island_detected,1,2023-08-25T09:20:19Z,2023-08-25T09:20:40Z
4490206,202307227217,678,island_detected,1,2023-08-25T09:51:20Z,2023-08-25T09:51:53Z
4490206,202307227217,678,island_detected,1,2023-08-26T13:29:42Z,2023-08-26T13:29:59Z
4490206,202307227217,678,island_detected,1,2023-08-26T13:45:18Z,2023-08-26T13:45:35Z
4490206,202307227217,678,island_detected,1,2023-08-29T12:48:33Z,2023-08-29T12:48:50Z
4490206,202307227217,678,island_detected,1,2023-08-30T18:32:47Z,2023-08-30T18:33:17Z
4490206,202307227217,678,island_detected,1,2023-08-31T13:51:50Z,2023-08-31T13:52:04Z
4490206,202307227217,1027,pcu_chan_loss_of_phase_12,1,2023-08-01T17:40:44Z,2023-08-01T17:42:58Z
4490206,202307227217,1027,pcu_chan_loss_of_phase_12,1,2023-08-01T18:18:27Z,2023-08-01T18:18:41Z
4490206,202307227217,1027,pcu_chan_loss_of_phase_12,1,2023-08-26T13:29:42Z,2023-08-26T13:29:59Z
4490206,202307227328,2,ac_voltage_out_of_range,1,2023-08-01T17:41:57Z,2023-08-01T17:42:21Z
4490206,202307227328,2,ac_voltage_out_of_range,1,2023-08-01T18:18:55Z,2023-08-01T18:19:03Z
4490206,202307227328,2,ac_voltage_out_of_range,1,2023-08-26T13:31:19Z,2023-08-26T13:31:32Z
4490206,202307227328,3,ac_freq_out_of_range,1,2023-08-01T17:41:57Z,2023-08-01T17:42:21Z
4490206,202307227328,3,ac_freq_out_of_range,1,2023-08-01T18:19:03Z,2023-08-01T18:19:03Z
4490206,202307227328,3,ac_freq_out_of_range,1,2023-08-08T15:03:44Z,2023-08-08T15:03:57Z
4490206,202307227328,3,ac_freq_out_of_range,1,2023-08-09T16:22:11Z,2023-08-09T16:22:31Z
4490206,202307227328,3,ac_freq_out_of_range,1,2023-08-09T16:37:59Z,2023-08-09T16:38:19Z
4490206,202307227328,3,ac_freq_out_of_range,1,2023-08-10T13:06:31Z,2023-08-10T13:06:54Z
4490206,202307227328,3,ac_freq_out_of_range,1,2023-08-16T13:35:04Z,2023-08-16T13:35:21Z
4490206,202307227328,3,ac_freq_out_of_range,1,2023-08-17T13:04:32Z,2023-08-17T13:04:51Z
4490206,202307227328,3,ac_freq_out_of_range,1,2023-08-21T11:18:10Z,2023-08-21T11:18:27Z
4490206,202307227328,3,ac_freq_out_of_range,1,2023-08-23T12:18:38Z,2023-08-23T12:18:55Z
4490206,202307227328,3,ac_freq_out_of_range,1,2023-08-26T13:31:19Z,2023-08-26T13:31:32Z
4490206,202307227328,3,ac_freq_out_of_range,1,2023-08-26T13:46:46Z,2023-08-26T13:46:59Z
4490206,202307227328,3,ac_freq_out_of_range,1,2023-08-29T12:48:40Z,2023-08-29T12:48:58Z
4490206,202307227328,3,ac_freq_out_of_range,1,2023-08-31T13:52:11Z,2023-08-31T13:52:32Z
4490206,202307227328,15,module_gone,1,2023-08-01T19:02:28Z,2023-08-02T05:56:20Z
4490206,202307227328,15,module_gone,1,2023-08-02T16:56:06Z,2023-08-02T16:56:34Z
4490206,202307227328,136,ac_frequency_high,1,2023-08-09T16:37:59Z,2023-08-09T16:38:19Z
4490206,202307227328,678,island_detected,1,2023-08-01T17:41:57Z,2023-08-01T17:42:22Z
4490206,202307227328,678,island_detected,1,2023-08-01T18:18:55Z,2023-08-01T18:19:03Z
4490206,202307227328,678,island_detected,1,2023-08-03T12:58:18Z,2023-08-03T12:58:45Z
4490206,202307227328,678,island_detected,1,2023-08-04T08:48:33Z,2023-08-04T08:48:47Z
4490206,202307227328,678,island_detected,1,2023-08-08T15:03:44Z,2023-08-08T15:03:57Z
4490206,202307227328,678,island_detected,1,2023-08-09T09:06:58Z,2023-08-09T09:07:27Z
4490206,202307227328,678,island_detected,1,2023-08-09T09:38:18Z,2023-08-09T09:38:37Z
4490206,202307227328,678,island_detected,1,2023-08-09T16:22:11Z,2023-08-09T16:22:31Z
4490206,202307227328,678,island_detected,1,2023-08-09T16:37:59Z,2023-08-09T16:38:19Z
4490206,202307227328,678,island_detected,1,2023-08-10T13:06:31Z,2023-08-10T13:06:54Z
4490206,202307227328,678,island_detected,1,2023-08-16T13:35:04Z,2023-08-16T13:35:21Z
4490206,202307227328,678,island_detected,1,2023-08-17T07:38:03Z,2023-08-17T07:38:30Z
4490206,202307227328,678,island_detected,1,2023-08-17T13:04:32Z,2023-08-17T13:04:51Z
4490206,202307227328,678,island_detected,1,2023-08-20T11:16:40Z,2023-08-20T11:17:06Z
4490206,202307227328,678,island_detected,1,2023-08-20T13:36:58Z,2023-08-20T13:37:24Z
4490206,202307227328,678,island_detected,1,2023-08-20T16:43:26Z,2023-08-20T16:43:42Z
4490206,202307227328,678,island_detected,1,2023-08-21T11:18:10Z,2023-08-21T11:18:27Z
4490206,202307227328,678,island_detected,1,2023-08-23T12:18:38Z,2023-08-23T12:18:55Z
4490206,202307227328,678,island_detected,1,2023-08-25T09:20:27Z,2023-08-25T09:20:52Z
4490206,202307227328,678,island_detected,1,2023-08-25T09:52:04Z,2023-08-25T09:52:33Z
4490206,202307227328,678,island_detected,1,2023-08-26T13:15:31Z,2023-08-26T13:16:01Z
4490206,202307227328,678,island_detected,1,2023-08-26T13:46:46Z,2023-08-26T13:46:59Z
4490206,202307227328,678,island_detected,1,2023-08-29T12:48:40Z,2023-08-29T12:48:58Z
4490206,202307227328,678,island_detected,1,2023-08-30T18:32:24Z,2023-08-30T18:32:58Z
4490206,202307227328,678,island_detected,1,2023-08-31T13:52:11Z,2023-08-31T13:52:32Z
4490206,202307227328,1027,pcu_chan_loss_of_phase_12,1,2023-08-01T17:41:57Z,2023-08-01T17:42:22Z
4490206,202307227328,1027,pcu_chan_loss_of_phase_12,1,2023-08-01T18:18:55Z,2023-08-01T18:19:03Z
4490206,202307227328,1027,pcu_chan_loss_of_phase_12,1,2023-08-26T13:31:19Z,2023-08-26T13:31:32Z
4490206,202307227349,2,ac_voltage_out_of_range,1,2023-08-01T18:13:13Z,2023-08-01T18:13:43Z
4490206,202307227349,3,ac_freq_out_of_range,1,2023-08-01T18:13:43Z,2023-08-01T18:13:43Z
4490206,202307227349,15,module_gone,1,2023-08-01T18:59:15Z,NA
4490206,202307227349,678,island_detected,1,2023-08-01T18:13:13Z,2023-08-01T18:13:52Z
4490206,202307227349,1027,pcu_chan_loss_of_phase_12,1,2023-08-01T18:13:13Z,2023-08-01T18:13:43Z
4490206,202307227365,2,ac_voltage_out_of_range,1,2023-08-01T17:42:07Z,2023-08-01T17:42:24Z
4490206,202307227365,2,ac_voltage_out_of_range,1,2023-08-01T18:18:58Z,2023-08-01T18:19:06Z
4490206,202307227365,3,ac_freq_out_of_range,1,2023-08-01T17:42:07Z,2023-08-01T17:42:24Z
4490206,202307227365,3,ac_freq_out_of_range,1,2023-08-01T18:19:06Z,2023-08-01T18:19:06Z
4490206,202307227365,15,module_gone,1,2023-08-01T19:02:53Z,NA
4490206,202307227365,678,island_detected,1,2023-08-01T17:42:07Z,2023-08-01T17:42:24Z
4490206,202307227365,678,island_detected,1,2023-08-01T18:18:58Z,2023-08-01T18:19:06Z
4490206,202307227365,1027,pcu_chan_loss_of_phase_12,1,2023-08-01T17:42:07Z,2023-08-01T17:42:25Z
4490206,202307227365,1027,pcu_chan_loss_of_phase_12,1,2023-08-01T18:18:58Z,2023-08-01T18:19:06Z
4490206,202307227367,2,ac_voltage_out_of_range,1,2023-08-01T17:40:47Z,2023-08-01T17:43:00Z
4490206,202307227367,2,ac_voltage_out_of_range,1,2023-08-01T18:18:28Z,2023-08-01T18:18:42Z
4490206,202307227367,2,ac_voltage_out_of_range,1,2023-08-26T13:29:29Z,2023-08-26T13:29:42Z
4490206,202307227367,2,ac_voltage_out_of_range,1,2023-08-31T13:52:05Z,2023-08-31T13:52:23Z
4490206,202307227367,3,ac_freq_out_of_range,1,2023-08-01T17:40:47Z,2023-08-01T17:43:00Z
4490206,202307227367,3,ac_freq_out_of_range,1,2023-08-01T18:18:42Z,2023-08-01T18:18:42Z
4490206,202307227367,3,ac_freq_out_of_range,1,2023-08-08T15:03:07Z,2023-08-08T15:03:24Z
4490206,202307227367,3,ac_freq_out_of_range,1,2023-08-09T09:38:09Z,2023-08-09T09:38:30Z
4490206,202307227367,3,ac_freq_out_of_range,1,2023-08-09T16:22:03Z,2023-08-09T16:22:22Z
4490206,202307227367,3,ac_freq_out_of_range,1,2023-08-09T16:37:34Z,2023-08-09T16:37:52Z
4490206,202307227367,3,ac_freq_out_of_range,1,2023-08-10T13:06:05Z,2023-08-10T13:06:21Z
4490206,202307227367,3,ac_freq_out_of_range,1,2023-08-16T13:34:27Z,2023-08-16T13:34:42Z
4490206,202307227367,3,ac_freq_out_of_range,1,2023-08-17T13:04:24Z,2023-08-17T13:04:43Z
4490206,202307227367,3,ac_freq_out_of_range,1,2023-08-21T11:18:21Z,2023-08-21T11:18:38Z
4490206,202307227367,3,ac_freq_out_of_range,1,2023-08-23T12:18:33Z,2023-08-23T12:18:50Z
4490206,202307227367,3,ac_freq_out_of_range,1,2023-08-26T13:29:29Z,2023-08-26T13:29:42Z
4490206,202307227367,3,ac_freq_out_of_range,1,2023-08-26T13:45:18Z,2023-08-26T13:45:36Z
4490206,202307227367,3,ac_freq_out_of_range,1,2023-08-29T12:48:00Z,2023-08-29T12:48:16Z
4490206,202307227367,3,ac_freq_out_of_range,1,2023-08-31T13:52:05Z,2023-08-31T13:52:23Z
4490206,202307227367,4,dc_voltage_too_low,1,2023-08-01T18:49:59Z,2023-08-01T18:49:59Z
4490206,202307227367,4,dc_voltage_too_low,1,2023-08-20T16:27:12Z,2023-08-20T16:27:25Z
4490206,202307227367,6,skipped_cycles,1,2023-08-01T18:49:43Z,2023-08-01T18:49:59Z
4490206,202307227367,6,skipped_cycles,1,2023-08-12T18:57:59Z,2023-08-12T18:58:15Z
4490206,202307227367,6,skipped_cycles,1,2023-08-15T18:51:29Z,2023-08-15T18:51:48Z
4490206,202307227367,6,skipped_cycles,1,2023-08-20T16:27:12Z,2023-08-20T16:27:25Z
4490206,202307227367,6,skipped_cycles,1,2023-08-23T18:47:17Z,2023-08-23T18:47:32Z
4490206,202307227367,15,module_gone,1,2023-08-01T19:02:15Z,2023-08-02T05:55:21Z
4490206,202307227367,15,module_gone,1,2023-08-02T16:56:05Z,2023-08-02T16:56:25Z
4490206,202307227367,136,ac_frequency_high,1,2023-08-09T16:37:34Z,2023-08-09T16:37:52Z
4490206,202307227367,678,island_detected,1,2023-08-01T17:40:47Z,2023-08-01T17:43:00Z
4490206,202307227367,678,island_detected,1,2023-08-01T18:18:28Z,2023-08-01T18:18:42Z
4490206,202307227367,678,island_detected,1,2023-08-03T12:58:08Z,2023-08-03T12:58:39Z
4490206,202307227367,678,island_detected,1,2023-08-08T15:03:07Z,2023-08-08T15:03:24Z
4490206,202307227367,678,island_detected,1,2023-08-09T09:06:50Z,2023-08-09T09:07:18Z
4490206,202307227367,678,island_detected,1,2023-08-09T09:38:09Z,2023-08-09T09:38:30Z
4490206,202307227367,678,island_detected,1,2023-08-09T16:22:03Z,2023-08-09T16:22:22Z
4490206,202307227367,678,island_detected,1,2023-08-09T16:37:34Z,2023-08-09T16:37:52Z
4490206,202307227367,678,island_detected,1,2023-08-10T13:06:05Z,2023-08-10T13:06:22Z
4490206,202307227367,678,island_detected,1,2023-08-16T13:34:28Z,2023-08-16T13:34:42Z
4490206,202307227367,678,island_detected,1,2023-08-17T07:37:55Z,2023-08-17T07:38:22Z
4490206,202307227367,678,island_detected,1,2023-08-17T13:04:24Z,2023-08-17T13:04:43Z
4490206,202307227367,678,island_detected,1,2023-08-20T11:15:33Z,2023-08-20T11:16:02Z
4490206,202307227367,678,island_detected,1,2023-08-20T13:35:51Z,2023-08-20T13:36:20Z
4490206,202307227367,678,island_detected,1,2023-08-20T16:42:43Z,2023-08-20T16:43:02Z
4490206,202307227367,678,island_detected,1,2023-08-21T11:18:21Z,2023-08-21T11:18:38Z
4490206,202307227367,678,island_detected,1,2023-08-23T12:18:33Z,2023-08-23T12:18:50Z
4490206,202307227367,678,island_detected,1,2023-08-25T09:20:41Z,2023-08-25T09:21:07Z
4490206,202307227367,678,island_detected,1,2023-08-25T09:51:54Z,2023-08-25T09:52:23Z
4490206,202307227367,678,island_detected,1,2023-08-26T13:29:29Z,2023-08-26T13:29:42Z
4490206,202307227367,678,island_detected,1,2023-08-26T13:45:18Z,2023-08-26T13:45:36Z
4490206,202307227367,678,island_detected,1,2023-08-29T12:48:00Z,2023-08-29T12:48:16Z
4490206,202307227367,678,island_detected,1,2023-08-30T18:32:48Z,2023-08-30T18:33:18Z
4490206,202307227367,678,island_detected,1,2023-08-31T13:52:05Z,2023-08-31T13:52:23Z
4490206,202307227367,1027,pcu_chan_loss_of_phase_12,1,2023-08-01T17:40:47Z,2023-08-01T17:43:00Z
4490206,202307227367,1027,pcu_chan_loss_of_phase_12,1,2023-08-01T18:18:28Z,2023-08-01T18:18:42Z
4490206,202307227367,1027,pcu_chan_loss_of_phase_12,1,2023-08-26T13:29:29Z,2023-08-26T13:29:42Z
4490206,202307227563,2,ac_voltage_out_of_range,1,2023-08-01T17:42:01Z,2023-08-01T17:42:22Z
4490206,202307227563,2,ac_voltage_out_of_range,1,2023-08-01T18:18:56Z,2023-08-01T18:19:04Z
4490206,202307227563,2,ac_voltage_out_of_range,1,2023-08-26T13:30:24Z,2023-08-26T13:30:40Z
4490206,202307227563,2,ac_voltage_out_of_range,1,2023-08-31T13:52:12Z,2023-08-31T13:52:33Z
4490206,202307227563,3,ac_freq_out_of_range,1,2023-08-01T17:42:01Z,2023-08-01T17:42:22Z
4490206,202307227563,3,ac_freq_out_of_range,1,2023-08-01T18:19:04Z,2023-08-01T18:19:04Z
4490206,202307227563,3,ac_freq_out_of_range,1,2023-08-08T15:02:39Z,2023-08-08T15:02:57Z
4490206,202307227563,3,ac_freq_out_of_range,1,2023-08-09T09:38:19Z,2023-08-09T09:38:38Z
4490206,202307227563,3,ac_freq_out_of_range,1,2023-08-09T16:22:11Z,2023-08-09T16:22:32Z
4490206,202307227563,3,ac_freq_out_of_range,1,2023-08-09T16:38:01Z,2023-08-09T16:38:20Z
4490206,202307227563,3,ac_freq_out_of_range,1,2023-08-10T13:06:10Z,2023-08-10T13:06:31Z
4490206,202307227563,3,ac_freq_out_of_range,1,2023-08-16T13:35:40Z,2023-08-16T13:35:57Z
4490206,202307227563,3,ac_freq_out_of_range,1,2023-08-17T13:05:08Z,2023-08-17T13:05:22Z
4490206,202307227563,3,ac_freq_out_of_range,1,2023-08-21T11:18:10Z,2023-08-21T11:18:27Z
4490206,202307227563,3,ac_freq_out_of_range,1,2023-08-23T10:14:30Z,2023-08-23T10:14:49Z
4490206,202307227563,3,ac_freq_out_of_range,1,2023-08-23T12:18:39Z,2023-08-23T12:18:56Z
4490206,202307227563,3,ac_freq_out_of_range,1,2023-08-26T13:30:24Z,2023-08-26T13:30:40Z
4490206,202307227563,3,ac_freq_out_of_range,1,2023-08-26T13:46:01Z,2023-08-26T13:46:19Z
4490206,202307227563,3,ac_freq_out_of_range,1,2023-08-29T12:47:50Z,2023-08-29T12:48:08Z
4490206,202307227563,15,module_gone,1,2023-08-01T18:49:53Z,2023-08-02T05:55:35Z
4490206,202307227563,15,module_gone,1,2023-08-02T16:56:06Z,2023-08-02T16:56:34Z
4490206,202307227563,136,ac_frequency_high,1,2023-08-09T16:38:01Z,2023-08-09T16:38:20Z
4490206,202307227563,678,island_detected,1,2023-08-01T17:42:01Z,2023-08-01T17:42:22Z
4490206,202307227563,678,island_detected,1,2023-08-01T18:18:56Z,2023-08-01T18:19:04Z
4490206,202307227563,678,island_detected,1,2023-08-03T12:57:43Z,2023-08-03T12:58:19Z
4490206,202307227563,678,island_detected,1,2023-08-08T15:02:39Z,2023-08-08T15:02:57Z
4490206,202307227563,678,island_detected,1,2023-08-09T09:06:58Z,2023-08-09T09:07:28Z
4490206,202307227563,678,island_detected,1,2023-08-09T09:38:19Z,2023-08-09T09:38:38Z
4490206,202307227563,678,island_detected,1,2023-08-09T16:22:11Z,2023-08-09T16:22:32Z
4490206,202307227563,678,island_detected,1,2023-08-09T16:38:01Z,2023-08-09T16:38:20Z
4490206,202307227563,678,island_detected,1,2023-08-10T13:06:10Z,2023-08-10T13:06:31Z
4490206,202307227563,678,island_detected,1,2023-08-16T13:35:40Z,2023-08-16T13:35:57Z
4490206,202307227563,678,island_detected,1,2023-08-17T07:38:31Z,2023-08-17T07:38:57Z
4490206,202307227563,678,island_detected,1,2023-08-17T13:05:08Z,2023-08-17T13:05:22Z
4490206,202307227563,678,island_detected,1,2023-08-20T11:16:41Z,2023-08-20T11:17:07Z
4490206,202307227563,678,island_detected,1,2023-08-20T13:36:59Z,2023-08-20T13:37:25Z
4490206,202307227563,678,island_detected,1,2023-08-21T11:18:10Z,2023-08-21T11:18:27Z
4490206,202307227563,678,island_detected,1,2023-08-23T10:14:30Z,2023-08-23T10:14:49Z
4490206,202307227563,678,island_detected,1,2023-08-23T12:18:39Z,2023-08-23T12:18:56Z
4490206,202307227563,678,island_detected,1,2023-08-25T09:20:52Z,2023-08-25T09:21:13Z
4490206,202307227563,678,island_detected,1,2023-08-25T09:52:34Z,2023-08-25T09:52:55Z
4490206,202307227563,678,island_detected,1,2023-08-26T13:30:24Z,2023-08-26T13:30:40Z
4490206,202307227563,678,island_detected,1,2023-08-26T13:46:01Z,2023-08-26T13:46:19Z
4490206,202307227563,678,island_detected,1,2023-08-29T12:47:50Z,2023-08-29T12:48:08Z
4490206,202307227563,678,island_detected,1,2023-08-30T18:17:48Z,2023-08-30T18:18:17Z
4490206,202307227563,678,island_detected,1,2023-08-31T13:52:12Z,2023-08-31T13:52:33Z
4490206,202307227563,1027,pcu_chan_loss_of_phase_12,1,2023-08-01T17:42:01Z,2023-08-01T17:42:22Z
4490206,202307227563,1027,pcu_chan_loss_of_phase_12,1,2023-08-01T18:18:56Z,2023-08-01T18:19:04Z
4490206,202307227563,1027,pcu_chan_loss_of_phase_12,1,2023-08-26T13:30:24Z,2023-08-26T13:30:40Z
4490206,202307227980,2,ac_voltage_out_of_range,1,2023-08-01T17:42:04Z,2023-08-01T17:42:23Z
4490206,202307227980,2,ac_voltage_out_of_range,1,2023-08-01T18:18:57Z,2023-08-01T18:19:05Z
4490206,202307227980,2,ac_voltage_out_of_range,1,2023-08-26T13:29:50Z,2023-08-26T13:30:07Z
4490206,202307227980,2,ac_voltage_out_of_range,1,2023-08-31T13:52:13Z,2023-08-31T13:52:34Z
4490206,202307227980,3,ac_freq_out_of_range,1,2023-08-01T17:42:04Z,2023-08-01T17:42:23Z
4490206,202307227980,3,ac_freq_out_of_range,1,2023-08-01T18:19:05Z,2023-08-01T18:19:05Z
4490206,202307227980,3,ac_freq_out_of_range,1,2023-08-08T15:03:14Z,2023-08-08T15:03:31Z
4490206,202307227980,3,ac_freq_out_of_range,1,2023-08-09T09:38:54Z,2023-08-09T09:39:09Z
4490206,202307227980,3,ac_freq_out_of_range,1,2023-08-09T16:22:47Z,2023-08-09T16:23:03Z
4490206,202307227980,3,ac_freq_out_of_range,1,2023-08-09T16:38:37Z,2023-08-09T16:38:51Z
4490206,202307227980,3,ac_freq_out_of_range,1,2023-08-10T13:06:11Z,2023-08-10T13:06:32Z
4490206,202307227980,3,ac_freq_out_of_range,1,2023-08-16T13:35:05Z,2023-08-16T13:35:22Z
4490206,202307227980,3,ac_freq_out_of_range,1,2023-08-17T13:04:33Z,2023-08-17T13:04:52Z
4490206,202307227980,3,ac_freq_out_of_range,1,2023-08-20T16:28:11Z,2023-08-20T16:28:23Z
4490206,202307227980,3,ac_freq_out_of_range,1,2023-08-21T11:18:42Z,2023-08-21T11:18:55Z
4490206,202307227980,3,ac_freq_out_of_range,1,2023-08-23T12:18:57Z,2023-08-23T12:19:17Z
4490206,202307227980,3,ac_freq_out_of_range,1,2023-08-25T09:20:28Z,2023-08-25T09:20:54Z
4490206,202307227980,3,ac_freq_out_of_range,1,2023-08-26T13:29:50Z,2023-08-26T13:30:07Z
4490206,202307227980,3,ac_freq_out_of_range,1,2023-08-26T13:45:26Z,2023-08-26T13:45:45Z
4490206,202307227980,3,ac_freq_out_of_range,1,2023-08-29T12:49:10Z,2023-08-29T12:49:25Z
4490206,202307227980,3,ac_freq_out_of_range,1,2023-08-31T13:52:13Z,2023-08-31T13:52:34Z
4490206,202307227980,15,module_gone,1,2023-08-01T19:02:32Z,2023-08-02T05:56:21Z
4490206,202307227980,15,module_gone,1,2023-08-02T16:56:06Z,2023-08-02T16:56:35Z
4490206,202307227980,136,ac_frequency_high,1,2023-08-09T16:38:37Z,2023-08-09T16:38:51Z
4490206,202307227980,678,island_detected,1,2023-08-01T17:42:04Z,2023-08-01T17:42:23Z
4490206,202307227980,678,island_detected,1,2023-08-01T18:18:57Z,2023-08-01T18:19:05Z
4490206,202307227980,678,island_detected,1,2023-08-03T12:57:44Z,2023-08-03T12:58:20Z
4490206,202307227980,678,island_detected,1,2023-08-08T15:03:14Z,2023-08-08T15:03:31Z
4490206,202307227980,678,island_detected,1,2023-08-09T09:07:29Z,2023-08-09T09:07:55Z
4490206,202307227980,678,island_detected,1,2023-08-09T09:38:54Z,2023-08-09T09:39:09Z
4490206,202307227980,678,island_detected,1,2023-08-09T16:22:47Z,2023-08-09T16:23:03Z
4490206,202307227980,678,island_detected,1,2023-08-09T16:38:37Z,2023-08-09T16:38:51Z
4490206,202307227980,678,island_detected,1,2023-08-10T13:06:11Z,2023-08-10T13:06:32Z
4490206,202307227980,678,island_detected,1,2023-08-16T13:35:05Z,2023-08-16T13:35:22Z
4490206,202307227980,678,island_detected,1,2023-08-17T07:38:04Z,2023-08-17T07:38:32Z
4490206,202307227980,678,island_detected,1,2023-08-17T13:04:33Z,2023-08-17T13:04:52Z
4490206,202307227980,678,island_detected,1,2023-08-20T11:16:42Z,2023-08-20T11:17:08Z
4490206,202307227980,678,island_detected,1,2023-08-20T13:37:00Z,2023-08-20T13:37:26Z
4490206,202307227980,678,island_detected,1,2023-08-20T16:28:11Z,2023-08-20T16:28:23Z
4490206,202307227980,678,island_detected,1,2023-08-21T11:18:42Z,2023-08-21T11:18:55Z
4490206,202307227980,678,island_detected,1,2023-08-23T10:14:31Z,2023-08-23T10:14:50Z
4490206,202307227980,678,island_detected,1,2023-08-23T12:18:57Z,2023-08-23T12:19:17Z
4490206,202307227980,678,island_detected,1,2023-08-25T09:20:28Z,2023-08-25T09:20:54Z
4490206,202307227980,678,island_detected,1,2023-08-25T09:52:05Z,2023-08-25T09:52:35Z
4490206,202307227980,678,island_detected,1,2023-08-26T13:29:50Z,2023-08-26T13:30:07Z
4490206,202307227980,678,island_detected,1,2023-08-26T13:45:26Z,2023-08-26T13:45:45Z
4490206,202307227980,678,island_detected,1,2023-08-29T12:49:10Z,2023-08-29T12:49:25Z
4490206,202307227980,678,island_detected,1,2023-08-30T18:32:25Z,2023-08-30T18:32:59Z
4490206,202307227980,678,island_detected,1,2023-08-31T13:52:13Z,2023-08-31T13:52:34Z
4490206,202307227980,1027,pcu_chan_loss_of_phase_12,1,2023-08-01T17:42:04Z,2023-08-01T17:42:23Z
4490206,202307227980,1027,pcu_chan_loss_of_phase_12,1,2023-08-01T18:18:57Z,2023-08-01T18:19:05Z
4490206,202307227980,1027,pcu_chan_loss_of_phase_12,1,2023-08-26T13:29:50Z,2023-08-26T13:30:07Z
4490206,202307228109,2,ac_voltage_out_of_range,1,2023-08-01T17:42:51Z,2023-08-01T17:43:03Z
4490206,202307228109,2,ac_voltage_out_of_range,1,2023-08-01T18:18:31Z,2023-08-01T18:18:45Z
4490206,202307228109,3,ac_freq_out_of_range,1,2023-08-01T17:42:51Z,2023-08-01T17:43:03Z
4490206,202307228109,3,ac_freq_out_of_range,1,2023-08-01T18:18:45Z,2023-08-01T18:18:45Z
4490206,202307228109,15,module_gone,1,2023-08-01T18:49:46Z,NA
4490206,202307228109,678,island_detected,1,2023-08-01T17:42:51Z,2023-08-01T17:43:03Z
4490206,202307228109,678,island_detected,1,2023-08-01T18:18:31Z,2023-08-01T18:18:45Z
4490206,202307228109,1027,pcu_chan_loss_of_phase_12,1,2023-08-01T17:42:51Z,2023-08-01T17:43:03Z
4490206,202307228109,1027,pcu_chan_loss_of_phase_12,1,2023-08-01T18:18:31Z,2023-08-01T18:18:45Z
4490206,202307228707,2,ac_voltage_out_of_range,1,2023-08-01T17:42:33Z,2023-08-01T17:42:41Z
4490206,202307228707,2,ac_voltage_out_of_range,1,2023-08-01T18:18:12Z,2023-08-01T18:18:23Z
4490206,202307228707,3,ac_freq_out_of_range,1,2023-08-01T17:42:33Z,2023-08-01T17:42:41Z
4490206,202307228707,3,ac_freq_out_of_range,1,2023-08-01T18:18:23Z,2023-08-01T18:18:23Z
4490206,202307228707,4,dc_voltage_too_low,1,2023-08-01T18:34:05Z,2023-08-01T18:34:05Z
4490206,202307228707,15,module_gone,1,2023-08-01T19:00:46Z,NA
4490206,202307228707,678,island_detected,1,2023-08-01T17:42:33Z,2023-08-01T17:42:41Z
4490206,202307228707,678,island_detected,1,2023-08-01T18:18:12Z,2023-08-01T18:18:23Z
4490206,202307228707,1027,pcu_chan_loss_of_phase_12,1,2023-08-01T17:42:33Z,2023-08-01T17:42:41Z
4490206,202307228707,1027,pcu_chan_loss_of_phase_12,1,2023-08-01T18:18:12Z,2023-08-01T18:18:23Z
4490206,202307228713,2,ac_voltage_out_of_range,1,2023-08-01T17:41:54Z,2023-08-01T17:43:28Z
4490206,202307228713,2,ac_voltage_out_of_range,1,2023-08-01T18:18:50Z,2023-08-01T18:18:54Z
4490206,202307228713,2,ac_voltage_out_of_range,1,2023-08-26T13:29:49Z,2023-08-26T13:30:06Z
4490206,202307228713,3,ac_freq_out_of_range,1,2023-08-01T17:41:54Z,2023-08-01T17:43:28Z
4490206,202307228713,3,ac_freq_out_of_range,1,2023-08-01T18:18:54Z,2023-08-01T18:18:54Z
4490206,202307228713,3,ac_freq_out_of_range,1,2023-08-08T15:02:38Z,2023-08-08T15:02:56Z
4490206,202307228713,3,ac_freq_out_of_range,1,2023-08-09T09:38:17Z,2023-08-09T09:38:36Z
4490206,202307228713,3,ac_freq_out_of_range,1,2023-08-09T16:22:10Z,2023-08-09T16:22:30Z
4490206,202307228713,3,ac_freq_out_of_range,1,2023-08-09T16:37:59Z,2023-08-09T16:38:17Z
4490206,202307228713,3,ac_freq_out_of_range,1,2023-08-10T13:06:30Z,2023-08-10T13:06:53Z
4490206,202307228713,3,ac_freq_out_of_range,1,2023-08-16T13:35:03Z,2023-08-16T13:35:20Z
4490206,202307228713,3,ac_freq_out_of_range,1,2023-08-17T13:04:31Z,2023-08-17T13:04:50Z
4490206,202307228713,3,ac_freq_out_of_range,1,2023-08-23T12:18:37Z,2023-08-23T12:18:54Z
4490206,202307228713,3,ac_freq_out_of_range,1,2023-08-26T13:29:49Z,2023-08-26T13:30:06Z
4490206,202307228713,3,ac_freq_out_of_range,1,2023-08-26T13:45:26Z,2023-08-26T13:45:44Z
4490206,202307228713,3,ac_freq_out_of_range,1,2023-08-29T12:48:39Z,2023-08-29T12:48:57Z
4490206,202307228713,3,ac_freq_out_of_range,1,2023-08-31T12:49:55Z,2023-08-31T12:50:10Z
4490206,202307228713,3,ac_freq_out_of_range,1,2023-08-31T13:52:10Z,2023-08-31T13:52:31Z
4490206,202307228713,15,module_gone,1,2023-08-01T19:02:27Z,2023-08-02T05:56:19Z
4490206,202307228713,15,module_gone,1,2023-08-02T16:56:06Z,2023-08-02T16:56:33Z
4490206,202307228713,136,ac_frequency_high,1,2023-08-09T16:37:59Z,2023-08-09T16:38:17Z
4490206,202307228713,678,island_detected,1,2023-08-01T17:41:54Z,2023-08-01T17:43:28Z
4490206,202307228713,678,island_detected,1,2023-08-01T18:18:50Z,2023-08-01T18:18:54Z
4490206,202307228713,678,island_detected,1,2023-08-03T12:57:43Z,2023-08-03T12:58:18Z
4490206,202307228713,678,island_detected,1,2023-08-08T15:02:38Z,2023-08-08T15:02:56Z
4490206,202307228713,678,island_detected,1,2023-08-09T09:06:57Z,2023-08-09T09:07:26Z
4490206,202307228713,678,island_detected,1,2023-08-09T09:38:17Z,2023-08-09T09:38:36Z
4490206,202307228713,678,island_detected,1,2023-08-09T16:22:10Z,2023-08-09T16:22:30Z
4490206,202307228713,678,island_detected,1,2023-08-09T16:37:59Z,2023-08-09T16:38:17Z
4490206,202307228713,678,island_detected,1,2023-08-10T13:06:30Z,2023-08-10T13:06:53Z
4490206,202307228713,678,island_detected,1,2023-08-16T13:35:03Z,2023-08-16T13:35:20Z
4490206,202307228713,678,island_detected,1,2023-08-17T07:38:02Z,2023-08-17T07:38:29Z
4490206,202307228713,678,island_detected,1,2023-08-17T13:04:31Z,2023-08-17T13:04:50Z
4490206,202307228713,678,island_detected,1,2023-08-20T11:16:11Z,2023-08-20T11:17:05Z
4490206,202307228713,678,island_detected,1,2023-08-20T13:36:57Z,2023-08-20T13:37:23Z
4490206,202307228713,678,island_detected,1,2023-08-20T16:43:26Z,2023-08-20T16:43:41Z
4490206,202307228713,678,island_detected,1,2023-08-23T12:18:37Z,2023-08-23T12:18:54Z
4490206,202307228713,678,island_detected,1,2023-08-25T09:20:26Z,2023-08-25T09:20:51Z
4490206,202307228713,678,island_detected,1,2023-08-25T09:52:03Z,2023-08-25T09:52:32Z
4490206,202307228713,678,island_detected,1,2023-08-26T13:29:49Z,2023-08-26T13:30:06Z
4490206,202307228713,678,island_detected,1,2023-08-26T13:45:26Z,2023-08-26T13:45:44Z
4490206,202307228713,678,island_detected,1,2023-08-29T12:48:39Z,2023-08-29T12:48:57Z
4490206,202307228713,678,island_detected,1,2023-08-30T18:32:23Z,2023-08-30T18:32:58Z
4490206,202307228713,678,island_detected,1,2023-08-31T12:49:55Z,2023-08-31T12:50:10Z
4490206,202307228713,678,island_detected,1,2023-08-31T13:52:10Z,2023-08-31T13:52:31Z
4490206,202307228713,1027,pcu_chan_loss_of_phase_12,1,2023-08-01T17:41:54Z,2023-08-01T17:43:28Z
4490206,202307228713,1027,pcu_chan_loss_of_phase_12,1,2023-08-01T18:18:50Z,2023-08-01T18:18:54Z
4490206,202307228713,1027,pcu_chan_loss_of_phase_12,1,2023-08-26T13:29:49Z,2023-08-26T13:30:06Z
4490206,202307229140,2,ac_voltage_out_of_range,1,2023-08-01T17:43:38Z,2023-08-01T17:43:50Z
4490206,202307229140,2,ac_voltage_out_of_range,1,2023-08-01T18:18:25Z,2023-08-01T18:18:39Z
4490206,202307229140,2,ac_voltage_out_of_range,1,2023-08-26T13:30:18Z,2023-08-26T13:30:34Z
4490206,202307229140,2,ac_voltage_out_of_range,1,2023-08-31T13:51:48Z,2023-08-31T13:52:02Z
4490206,202307229140,3,ac_freq_out_of_range,1,2023-08-01T17:40:37Z,2023-08-01T17:43:50Z
4490206,202307229140,3,ac_freq_out_of_range,1,2023-08-01T18:18:39Z,2023-08-01T18:18:39Z
4490206,202307229140,3,ac_freq_out_of_range,1,2023-08-08T15:02:29Z,2023-08-08T15:02:47Z
4490206,202307229140,3,ac_freq_out_of_range,1,2023-08-09T09:38:27Z,2023-08-09T09:38:47Z
4490206,202307229140,3,ac_freq_out_of_range,1,2023-08-09T16:22:20Z,2023-08-09T16:22:40Z
4490206,202307229140,3,ac_freq_out_of_range,1,2023-08-09T16:37:50Z,2023-08-09T16:38:09Z
4490206,202307229140,3,ac_freq_out_of_range,1,2023-08-10T13:06:19Z,2023-08-10T13:06:41Z
4490206,202307229140,3,ac_freq_out_of_range,1,2023-08-16T13:34:12Z,2023-08-16T13:34:26Z
4490206,202307229140,3,ac_freq_out_of_range,1,2023-08-17T13:04:21Z,2023-08-17T13:04:41Z
4490206,202307229140,3,ac_freq_out_of_range,1,2023-08-20T16:42:01Z,2023-08-20T16:42:14Z
4490206,202307229140,3,ac_freq_out_of_range,1,2023-08-21T11:17:42Z,2023-08-21T11:17:59Z
4490206,202307229140,3,ac_freq_out_of_range,1,2023-08-23T12:18:30Z,2023-08-23T12:18:47Z
4490206,202307229140,3,ac_freq_out_of_range,1,2023-08-25T09:20:38Z,2023-08-25T09:21:04Z
4490206,202307229140,3,ac_freq_out_of_range,1,2023-08-26T13:30:18Z,2023-08-26T13:30:34Z
4490206,202307229140,3,ac_freq_out_of_range,1,2023-08-26T13:45:55Z,2023-08-26T13:46:12Z
4490206,202307229140,3,ac_freq_out_of_range,1,2023-08-29T12:47:45Z,2023-08-29T12:47:58Z
4490206,202307229140,3,ac_freq_out_of_range,1,2023-08-31T13:51:48Z,2023-08-31T13:52:02Z
4490206,202307229140,4,dc_voltage_too_low,1,2023-08-01T18:49:41Z,2023-08-01T18:49:41Z
4490206,202307229140,15,module_gone,1,2023-08-01T19:01:17Z,2023-08-02T05:55:15Z
4490206,202307229140,15,module_gone,1,2023-08-02T16:56:05Z,2023-08-02T16:56:21Z
4490206,202307229140,136,ac_frequency_high,1,2023-08-09T16:37:50Z,2023-08-09T16:38:09Z
4490206,202307229140,678,island_detected,1,2023-08-01T17:43:38Z,2023-08-01T17:43:50Z
4490206,202307229140,678,island_detected,1,2023-08-01T18:18:26Z,2023-08-01T18:18:39Z
4490206,202307229140,678,island_detected,1,2023-08-03T13:12:38Z,2023-08-03T13:13:08Z
4490206,202307229140,678,island_detected,1,2023-08-08T15:02:29Z,2023-08-08T15:02:47Z
4490206,202307229140,678,island_detected,1,2023-08-09T09:07:16Z,2023-08-09T09:07:47Z
4490206,202307229140,678,island_detected,1,2023-08-09T09:38:27Z,2023-08-09T09:38:47Z
4490206,202307229140,678,island_detected,1,2023-08-09T16:22:20Z,2023-08-09T16:22:40Z
4490206,202307229140,678,island_detected,1,2023-08-09T16:37:50Z,2023-08-09T16:38:09Z
4490206,202307229140,678,island_detected,1,2023-08-10T13:06:19Z,2023-08-10T13:06:41Z
4490206,202307229140,678,island_detected,1,2023-08-16T13:34:12Z,2023-08-16T13:34:26Z
4490206,202307229140,678,island_detected,1,2023-08-17T07:37:52Z,2023-08-17T07:38:20Z
4490206,202307229140,678,island_detected,1,2023-08-17T13:04:21Z,2023-08-17T13:04:41Z
4490206,202307229140,678,island_detected,1,2023-08-20T11:14:59Z,2023-08-20T11:15:29Z
4490206,202307229140,678,island_detected,1,2023-08-20T13:35:17Z,2023-08-20T13:35:48Z
4490206,202307229140,678,island_detected,1,2023-08-20T16:42:01Z,2023-08-20T16:42:14Z
4490206,202307229140,678,island_detected,1,2023-08-21T11:17:42Z,2023-08-21T11:17:59Z
4490206,202307229140,678,island_detected,1,2023-08-23T12:18:30Z,2023-08-23T12:18:47Z
4490206,202307229140,678,island_detected,1,2023-08-25T09:20:38Z,2023-08-25T09:21:04Z
4490206,202307229140,678,island_detected,1,2023-08-25T09:51:51Z,2023-08-25T09:52:21Z
4490206,202307229140,678,island_detected,1,2023-08-26T13:30:18Z,2023-08-26T13:30:34Z
4490206,202307229140,678,island_detected,1,2023-08-26T13:45:55Z,2023-08-26T13:46:12Z
4490206,202307229140,678,island_detected,1,2023-08-29T12:47:45Z,2023-08-29T12:47:58Z
4490206,202307229140,678,island_detected,1,2023-08-30T18:31:15Z,2023-08-30T18:31:45Z
4490206,202307229140,678,island_detected,1,2023-08-31T13:51:48Z,2023-08-31T13:52:02Z
4490206,202307229140,1027,pcu_chan_loss_of_phase_12,1,2023-08-01T17:43:38Z,2023-08-01T17:43:50Z
4490206,202307229140,1027,pcu_chan_loss_of_phase_12,1,2023-08-01T18:18:26Z,2023-08-01T18:18:39Z
4490206,202307229140,1027,pcu_chan_loss_of_phase_12,1,2023-08-26T13:30:18Z,2023-08-26T13:30:34Z
4490206,202307229173,2,ac_voltage_out_of_range,1,2023-08-01T17:41:07Z,2023-08-01T17:42:17Z
4490206,202307229173,2,ac_voltage_out_of_range,1,2023-08-01T18:18:34Z,2023-08-01T18:18:48Z
4490206,202307229173,2,ac_voltage_out_of_range,1,2023-08-26T13:31:16Z,2023-08-26T13:31:29Z
4490206,202307229173,2,ac_voltage_out_of_range,1,2023-08-31T13:52:28Z,2023-08-31T13:52:50Z
4490206,202307229173,3,ac_freq_out_of_range,1,2023-08-01T17:41:07Z,2023-08-01T17:42:17Z
4490206,202307229173,3,ac_freq_out_of_range,1,2023-08-01T18:18:48Z,2023-08-01T18:18:48Z
4490206,202307229173,3,ac_freq_out_of_range,1,2023-08-04T08:48:15Z,2023-08-04T08:48:28Z
4490206,202307229173,3,ac_freq_out_of_range,1,2023-08-08T15:03:11Z,2023-08-08T15:03:27Z
4490206,202307229173,3,ac_freq_out_of_range,1,2023-08-09T09:38:51Z,2023-08-09T09:39:06Z
4490206,202307229173,3,ac_freq_out_of_range,1,2023-08-09T16:22:44Z,2023-08-09T16:22:59Z
4490206,202307229173,3,ac_freq_out_of_range,1,2023-08-09T16:38:14Z,2023-08-09T16:38:33Z
4490206,202307229173,3,ac_freq_out_of_range,1,2023-08-10T13:06:26Z,2023-08-10T13:06:49Z
4490206,202307229173,3,ac_freq_out_of_range,1,2023-08-16T13:35:36Z,2023-08-16T13:35:54Z
4490206,202307229173,3,ac_freq_out_of_range,1,2023-08-17T13:04:28Z,2023-08-17T13:04:46Z
4490206,202307229173,3,ac_freq_out_of_range,1,2023-08-23T12:19:33Z,2023-08-23T12:19:45Z
4490206,202307229173,3,ac_freq_out_of_range,1,2023-08-26T13:31:16Z,2023-08-26T13:31:29Z
4490206,202307229173,3,ac_freq_out_of_range,1,2023-08-26T13:46:42Z,2023-08-26T13:46:56Z
4490206,202307229173,3,ac_freq_out_of_range,1,2023-08-29T12:48:36Z,2023-08-29T12:48:53Z
4490206,202307229173,3,ac_freq_out_of_range,1,2023-08-31T13:52:28Z,2023-08-31T13:52:50Z
4490206,202307229173,4,dc_voltage_too_low,1,2023-08-01T18:50:00Z,2023-08-01T18:50:00Z
4490206,202307229173,6,skipped_cycles,1,2023-08-07T09:39:44Z,2023-08-07T09:40:14Z
4490206,202307229173,6,skipped_cycles,1,2023-08-11T09:28:11Z,2023-08-11T09:28:39Z
4490206,202307229173,6,skipped_cycles,1,2023-08-28T18:46:13Z,2023-08-28T18:46:27Z
4490206,202307229173,15,module_gone,1,2023-08-01T19:02:20Z,2023-08-02T05:56:17Z
4490206,202307229173,15,module_gone,1,2023-08-02T16:56:05Z,2023-08-02T16:56:30Z
4490206,202307229173,136,ac_frequency_high,1,2023-08-09T16:38:14Z,2023-08-09T16:38:33Z
4490206,202307229173,678,island_detected,1,2023-08-01T17:41:07Z,2023-08-01T17:42:17Z
4490206,202307229173,678,island_detected,1,2023-08-01T18:18:34Z,2023-08-01T18:18:48Z
4490206,202307229173,678,island_detected,1,2023-08-03T12:57:39Z,2023-08-03T12:58:14Z
4490206,202307229173,678,island_detected,1,2023-08-04T08:48:15Z,2023-08-04T08:48:28Z
4490206,202307229173,678,island_detected,1,2023-08-08T15:03:11Z,2023-08-08T15:03:27Z
4490206,202307229173,678,island_detected,1,2023-08-09T09:07:23Z,2023-08-09T09:07:52Z
4490206,202307229173,678,island_detected,1,2023-08-09T09:38:51Z,2023-08-09T09:39:06Z
4490206,202307229173,678,island_detected,1,2023-08-09T16:22:44Z,2023-08-09T16:22:59Z
4490206,202307229173,678,island_detected,1,2023-08-09T16:38:14Z,2023-08-09T16:38:33Z
4490206,202307229173,678,island_detected,1,2023-08-10T13:06:26Z,2023-08-10T13:06:49Z
4490206,202307229173,678,island_detected,1,2023-08-16T13:35:36Z,2023-08-16T13:35:54Z
4490206,202307229173,678,island_detected,1,2023-08-17T07:37:59Z,2023-08-17T07:38:26Z
4490206,202307229173,678,island_detected,1,2023-08-17T13:04:28Z,2023-08-17T13:04:46Z
4490206,202307229173,678,island_detected,1,2023-08-20T11:16:08Z,2023-08-20T11:16:35Z
4490206,202307229173,678,island_detected,1,2023-08-20T13:36:26Z,2023-08-20T13:36:54Z
4490206,202307229173,678,island_detected,1,2023-08-21T11:18:05Z,2023-08-21T11:18:23Z
4490206,202307229173,678,island_detected,1,2023-08-23T10:15:19Z,2023-08-23T10:15:32Z
4490206,202307229173,678,island_detected,1,2023-08-23T12:19:33Z,2023-08-23T12:19:45Z
4490206,202307229173,678,island_detected,1,2023-08-25T09:20:47Z,2023-08-25T09:21:09Z
4490206,202307229173,678,island_detected,1,2023-08-25T09:52:00Z,2023-08-25T09:52:29Z
4490206,202307229173,678,island_detected,1,2023-08-26T13:15:27Z,2023-08-26T13:15:58Z
4490206,202307229173,678,island_detected,1,2023-08-26T13:46:43Z,2023-08-26T13:46:56Z
4490206,202307229173,678,island_detected,1,2023-08-29T12:48:36Z,2023-08-29T12:48:53Z
4490206,202307229173,678,island_detected,1,2023-08-30T18:32:54Z,2023-08-30T18:33:23Z
4490206,202307229173,678,island_detected,1,2023-08-31T13:52:28Z,2023-08-31T13:52:50Z
4490206,202307229173,1027,pcu_chan_loss_of_phase_12,1,2023-08-01T17:41:07Z,2023-08-01T17:42:17Z
4490206,202307229173,1027,pcu_chan_loss_of_phase_12,1,2023-08-01T18:18:34Z,2023-08-01T18:18:48Z
4490206,202307229173,1027,pcu_chan_loss_of_phase_12,1,2023-08-26T13:31:16Z,2023-08-26T13:31:29Z
4490206,202307229188,2,ac_voltage_out_of_range,1,2023-08-01T17:41:50Z,2023-08-01T17:42:19Z
4490206,202307229188,2,ac_voltage_out_of_range,1,2023-08-01T18:18:49Z,2023-08-01T18:18:53Z
4490206,202307229188,3,ac_freq_out_of_range,1,2023-08-01T17:41:50Z,2023-08-01T17:42:19Z
4490206,202307229188,3,ac_freq_out_of_range,1,2023-08-01T18:18:53Z,2023-08-01T18:18:53Z
4490206,202307229188,15,module_gone,1,2023-08-01T18:49:51Z,NA
4490206,202307229188,678,island_detected,1,2023-08-01T17:41:50Z,2023-08-01T17:42:19Z
4490206,202307229188,678,island_detected,1,2023-08-01T18:18:49Z,2023-08-01T18:18:53Z
4490206,202307229188,1027,pcu_chan_loss_of_phase_12,1,2023-08-01T17:41:50Z,2023-08-01T17:42:19Z
4490206,202307229188,1027,pcu_chan_loss_of_phase_12,1,2023-08-01T18:18:49Z,2023-08-01T18:18:53Z
4490206,202307229305,2,ac_voltage_out_of_range,1,2023-08-01T17:42:37Z,2023-08-01T17:42:44Z
4490206,202307229305,2,ac_voltage_out_of_range,1,2023-08-01T18:18:26Z,2023-08-01T18:18:40Z
4490206,202307229305,3,ac_freq_out_of_range,1,2023-08-01T17:42:37Z,2023-08-01T17:42:44Z
4490206,202307229305,3,ac_freq_out_of_range,1,2023-08-01T18:18:40Z,2023-08-01T18:18:40Z
4490206,202307229305,4,dc_voltage_too_low,1,2023-08-01T18:49:42Z,2023-08-01T18:49:42Z
4490206,202307229305,6,skipped_cycles,1,2023-08-01T18:49:12Z,2023-08-01T18:49:42Z
4490206,202307229305,15,module_gone,1,2023-08-01T19:01:19Z,NA
4490206,202307229305,678,island_detected,1,2023-08-01T17:42:37Z,2023-08-01T17:42:44Z
4490206,202307229305,678,island_detected,1,2023-08-01T18:18:26Z,2023-08-01T18:18:40Z
4490206,202307229305,1027,pcu_chan_loss_of_phase_12,1,2023-08-01T17:42:37Z,2023-08-01T17:42:44Z
4490206,202307229305,1027,pcu_chan_loss_of_phase_12,1,2023-08-01T18:18:26Z,2023-08-01T18:18:40Z
4490206,202307229413,2,ac_voltage_out_of_range,1,2023-08-01T17:42:11Z,2023-08-01T17:42:25Z
4490206,202307229413,2,ac_voltage_out_of_range,1,2023-08-01T18:18:59Z,2023-08-01T18:19:07Z
4490206,202307229413,2,ac_voltage_out_of_range,1,2023-08-26T13:30:26Z,2023-08-26T13:30:43Z
4490206,202307229413,2,ac_voltage_out_of_range,1,2023-08-31T13:52:15Z,2023-08-31T13:52:37Z
4490206,202307229413,3,ac_freq_out_of_range,1,2023-08-01T17:42:11Z,2023-08-01T17:42:25Z
4490206,202307229413,3,ac_freq_out_of_range,1,2023-08-01T18:19:07Z,2023-08-01T18:19:07Z
4490206,202307229413,3,ac_freq_out_of_range,1,2023-08-08T15:02:59Z,2023-08-08T15:03:16Z
4490206,202307229413,3,ac_freq_out_of_range,1,2023-08-09T16:22:49Z,2023-08-09T16:23:06Z
4490206,202307229413,3,ac_freq_out_of_range,1,2023-08-09T16:38:40Z,2023-08-09T16:38:53Z
4490206,202307229413,3,ac_freq_out_of_range,1,2023-08-10T13:06:35Z,2023-08-10T13:06:57Z
4490206,202307229413,3,ac_freq_out_of_range,1,2023-08-16T13:35:07Z,2023-08-16T13:35:24Z
4490206,202307229413,3,ac_freq_out_of_range,1,2023-08-17T13:05:24Z,2023-08-17T13:05:36Z
4490206,202307229413,3,ac_freq_out_of_range,1,2023-08-20T16:42:53Z,2023-08-20T16:43:13Z
4490206,202307229413,3,ac_freq_out_of_range,1,2023-08-21T11:18:44Z,2023-08-21T11:18:57Z
4490206,202307229413,3,ac_freq_out_of_range,1,2023-08-23T12:18:59Z,2023-08-23T12:19:19Z
4490206,202307229413,3,ac_freq_out_of_range,1,2023-08-25T09:20:30Z,2023-08-25T09:20:56Z
4490206,202307229413,3,ac_freq_out_of_range,1,2023-08-26T13:30:26Z,2023-08-26T13:30:43Z
4490206,202307229413,3,ac_freq_out_of_range,1,2023-08-26T13:46:04Z,2023-08-26T13:46:21Z
4490206,202307229413,3,ac_freq_out_of_range,1,2023-08-29T12:49:13Z,2023-08-29T12:49:27Z
4490206,202307229413,3,ac_freq_out_of_range,1,2023-08-31T13:52:15Z,2023-08-31T13:52:37Z
4490206,202307229413,6,skipped_cycles,1,2023-08-23T18:47:42Z,2023-08-24T06:06:35Z
4490206,202307229413,15,module_gone,1,2023-08-01T18:49:56Z,2023-08-02T05:55:39Z
4490206,202307229413,15,module_gone,1,2023-08-02T16:56:06Z,2023-08-02T16:56:37Z
4490206,202307229413,136,ac_frequency_high,1,2023-08-09T16:38:40Z,2023-08-09T16:38:53Z
4490206,202307229413,678,island_detected,1,2023-08-01T17:42:11Z,2023-08-01T17:42:25Z
4490206,202307229413,678,island_detected,1,2023-08-01T18:18:59Z,2023-08-01T18:19:07Z
4490206,202307229413,678,island_detected,1,2023-08-03T12:57:47Z,2023-08-03T12:58:23Z
4490206,202307229413,678,island_detected,1,2023-08-08T15:02:59Z,2023-08-08T15:03:16Z
4490206,202307229413,678,island_detected,1,2023-08-09T09:07:01Z,2023-08-09T09:07:31Z
4490206,202307229413,678,island_detected,1,2023-08-09T09:38:21Z,2023-08-09T09:38:41Z
4490206,202307229413,678,island_detected,1,2023-08-09T16:22:49Z,2023-08-09T16:23:06Z
4490206,202307229413,678,island_detected,1,2023-08-09T16:38:40Z,2023-08-09T16:38:53Z
4490206,202307229413,678,island_detected,1,2023-08-10T13:06:35Z,2023-08-10T13:06:57Z
4490206,202307229413,678,island_detected,1,2023-08-16T13:35:07Z,2023-08-16T13:35:24Z
4490206,202307229413,678,island_detected,1,2023-08-17T07:38:34Z,2023-08-17T07:38:59Z
4490206,202307229413,678,island_detected,1,2023-08-17T12:49:42Z,2023-08-17T12:50:09Z
4490206,202307229413,678,island_detected,1,2023-08-17T13:05:24Z,2023-08-17T13:05:36Z
4490206,202307229413,678,island_detected,1,2023-08-20T11:16:13Z,2023-08-20T11:16:44Z
4490206,202307229413,678,island_detected,1,2023-08-20T13:36:30Z,2023-08-20T13:37:03Z
4490206,202307229413,678,island_detected,1,2023-08-20T16:42:53Z,2023-08-20T16:43:13Z
4490206,202307229413,678,island_detected,1,2023-08-21T11:18:44Z,2023-08-21T11:18:57Z
4490206,202307229413,678,island_detected,1,2023-08-23T10:14:34Z,2023-08-23T10:14:52Z
4490206,202307229413,678,island_detected,1,2023-08-23T12:18:59Z,2023-08-23T12:19:19Z
4490206,202307229413,678,island_detected,1,2023-08-25T09:20:30Z,2023-08-25T09:20:56Z
4490206,202307229413,678,island_detected,1,2023-08-25T09:52:08Z,2023-08-25T09:52:37Z
4490206,202307229413,678,island_detected,1,2023-08-26T13:30:26Z,2023-08-26T13:30:43Z
4490206,202307229413,678,island_detected,1,2023-08-26T13:46:04Z,2023-08-26T13:46:21Z
4490206,202307229413,678,island_detected,1,2023-08-29T12:49:13Z,2023-08-29T12:49:27Z
4490206,202307229413,678,island_detected,1,2023-08-30T18:33:02Z,2023-08-30T18:33:28Z
4490206,202307229413,678,island_detected,1,2023-08-31T13:52:15Z,2023-08-31T13:52:37Z
4490206,202307229413,1027,pcu_chan_loss_of_phase_12,1,2023-08-01T17:42:11Z,2023-08-01T17:42:25Z
4490206,202307229413,1027,pcu_chan_loss_of_phase_12,1,2023-08-01T18:18:59Z,2023-08-01T18:19:07Z
4490206,202307229413,1027,pcu_chan_loss_of_phase_12,1,2023-08-26T13:30:26Z,2023-08-26T13:30:43Z
4490206,202307230467,2,ac_voltage_out_of_range,1,2023-08-01T17:42:35Z,2023-08-01T17:42:43Z
4490206,202307230467,2,ac_voltage_out_of_range,1,2023-08-01T18:18:24Z,2023-08-01T18:18:38Z
4490206,202307230467,3,ac_freq_out_of_range,1,2023-08-01T17:42:35Z,2023-08-01T17:42:43Z
4490206,202307230467,3,ac_freq_out_of_range,1,2023-08-01T18:18:38Z,2023-08-01T18:18:38Z
4490206,202307230467,4,dc_voltage_too_low,1,2023-08-01T18:49:40Z,2023-08-01T18:49:40Z
4490206,202307230467,15,module_gone,1,2023-08-01T19:01:16Z,NA
4490206,202307230467,678,island_detected,1,2023-08-01T17:42:35Z,2023-08-01T17:42:43Z
4490206,202307230467,678,island_detected,1,2023-08-01T18:18:24Z,2023-08-01T18:18:38Z
4490206,202307230467,1027,pcu_chan_loss_of_phase_12,1,2023-08-01T17:42:35Z,2023-08-01T17:42:43Z
4490206,202307230467,1027,pcu_chan_loss_of_phase_12,1,2023-08-01T18:18:25Z,2023-08-01T18:18:38Z
